-- ============================================
-- TABLE CREATION
-- ============================================

-- users table
CREATE TABLE users (
    user_id TEXT PRIMARY KEY,
    email TEXT UNIQUE NOT NULL,
    password_hash TEXT NOT NULL,
    full_name TEXT NOT NULL,
    phone_number TEXT,
    profile_picture_url TEXT,
    is_verified BOOLEAN NOT NULL DEFAULT false,
    member_since TEXT NOT NULL,
    notification_preferences JSONB NOT NULL DEFAULT '{"order_updates_email":true,"order_updates_push":true,"promotions_email":true,"promotions_push":true,"weekly_picks_email":true,"weekly_picks_push":true,"new_restaurants_email":false,"new_restaurants_push":false,"review_responses_email":true,"review_responses_push":true}',
    location_permission_granted BOOLEAN NOT NULL DEFAULT false,
    profile_public BOOLEAN NOT NULL DEFAULT true,
    reviews_public BOOLEAN NOT NULL DEFAULT true,
    last_login TEXT,
    created_at TEXT NOT NULL,
    updated_at TEXT NOT NULL
);

-- restaurants table
CREATE TABLE restaurants (
    restaurant_id TEXT PRIMARY KEY,
    restaurant_name TEXT NOT NULL,
    description TEXT,
    cuisine_types JSONB NOT NULL DEFAULT '[]',
    price_range INTEGER NOT NULL,
    street_address TEXT NOT NULL,
    apartment_suite TEXT,
    city TEXT NOT NULL,
    state TEXT NOT NULL,
    zip_code TEXT NOT NULL,
    latitude NUMERIC NOT NULL,
    longitude NUMERIC NOT NULL,
    phone_number TEXT NOT NULL,
    primary_hero_image_url TEXT,
    average_rating NUMERIC NOT NULL DEFAULT 0,
    total_review_count INTEGER NOT NULL DEFAULT 0,
    total_order_count INTEGER NOT NULL DEFAULT 0,
    is_currently_open BOOLEAN NOT NULL DEFAULT false,
    accepts_delivery BOOLEAN NOT NULL DEFAULT true,
    accepts_pickup BOOLEAN NOT NULL DEFAULT true,
    delivery_fee NUMERIC NOT NULL DEFAULT 0,
    minimum_order_amount NUMERIC NOT NULL DEFAULT 0,
    delivery_radius_miles NUMERIC NOT NULL DEFAULT 5,
    estimated_prep_time_minutes INTEGER NOT NULL DEFAULT 30,
    estimated_delivery_time_minutes INTEGER NOT NULL DEFAULT 45,
    is_featured BOOLEAN NOT NULL DEFAULT false,
    featured_week_start TEXT,
    featured_description TEXT,
    is_active BOOLEAN NOT NULL DEFAULT true,
    created_at TEXT NOT NULL,
    updated_at TEXT NOT NULL
);

-- restaurant_hours table
CREATE TABLE restaurant_hours (
    hours_id TEXT PRIMARY KEY,
    restaurant_id TEXT NOT NULL REFERENCES restaurants(restaurant_id),
    day_of_week INTEGER NOT NULL,
    open_time TEXT,
    close_time TEXT,
    is_closed BOOLEAN NOT NULL DEFAULT false,
    created_at TEXT NOT NULL,
    updated_at TEXT NOT NULL
);

-- restaurant_photos table
CREATE TABLE restaurant_photos (
    photo_id TEXT PRIMARY KEY,
    restaurant_id TEXT NOT NULL REFERENCES restaurants(restaurant_id),
    photo_url TEXT NOT NULL,
    caption TEXT,
    display_order INTEGER NOT NULL DEFAULT 0,
    uploaded_by_user_id TEXT REFERENCES users(user_id),
    created_at TEXT NOT NULL
);

-- menu_categories table
CREATE TABLE menu_categories (
    category_id TEXT PRIMARY KEY,
    restaurant_id TEXT NOT NULL REFERENCES restaurants(restaurant_id),
    category_name TEXT NOT NULL,
    display_order INTEGER NOT NULL DEFAULT 0,
    created_at TEXT NOT NULL,
    updated_at TEXT NOT NULL
);

-- menu_items table
CREATE TABLE menu_items (
    menu_item_id TEXT PRIMARY KEY,
    restaurant_id TEXT NOT NULL REFERENCES restaurants(restaurant_id),
    category_id TEXT NOT NULL REFERENCES menu_categories(category_id),
    item_name TEXT NOT NULL,
    description TEXT,
    base_price NUMERIC NOT NULL,
    item_photo_url TEXT,
    dietary_preferences JSONB NOT NULL DEFAULT '[]',
    allergen_info JSONB NOT NULL DEFAULT '[]',
    spice_level INTEGER,
    is_popular BOOLEAN NOT NULL DEFAULT false,
    is_available BOOLEAN NOT NULL DEFAULT true,
    display_order INTEGER NOT NULL DEFAULT 0,
    created_at TEXT NOT NULL,
    updated_at TEXT NOT NULL
);

-- menu_item_sizes table
CREATE TABLE menu_item_sizes (
    size_id TEXT PRIMARY KEY,
    menu_item_id TEXT NOT NULL REFERENCES menu_items(menu_item_id),
    size_name TEXT NOT NULL,
    price_adjustment NUMERIC NOT NULL DEFAULT 0,
    display_order INTEGER NOT NULL DEFAULT 0,
    created_at TEXT NOT NULL
);

-- menu_item_addons table
CREATE TABLE menu_item_addons (
    addon_id TEXT PRIMARY KEY,
    menu_item_id TEXT NOT NULL REFERENCES menu_items(menu_item_id),
    addon_name TEXT NOT NULL,
    addon_price NUMERIC NOT NULL,
    display_order INTEGER NOT NULL DEFAULT 0,
    created_at TEXT NOT NULL
);

-- menu_item_modifications table
CREATE TABLE menu_item_modifications (
    modification_id TEXT PRIMARY KEY,
    menu_item_id TEXT NOT NULL REFERENCES menu_items(menu_item_id),
    modification_name TEXT NOT NULL,
    price_adjustment NUMERIC NOT NULL DEFAULT 0,
    display_order INTEGER NOT NULL DEFAULT 0,
    created_at TEXT NOT NULL
);

-- discounts table
CREATE TABLE discounts (
    discount_id TEXT PRIMARY KEY,
    restaurant_id TEXT NOT NULL REFERENCES restaurants(restaurant_id),
    discount_type TEXT NOT NULL,
    discount_value NUMERIC NOT NULL,
    coupon_code TEXT UNIQUE,
    qr_code_data TEXT,
    description TEXT NOT NULL,
    terms_conditions TEXT,
    minimum_order_amount NUMERIC,
    excluded_items JSONB NOT NULL DEFAULT '[]',
    valid_days JSONB NOT NULL DEFAULT '[0,1,2,3,4,5,6]',
    is_one_time_use BOOLEAN NOT NULL DEFAULT true,
    max_redemptions_per_user INTEGER,
    total_redemption_limit INTEGER,
    current_redemption_count INTEGER NOT NULL DEFAULT 0,
    is_active BOOLEAN NOT NULL DEFAULT true,
    start_date TEXT NOT NULL,
    end_date TEXT NOT NULL,
    is_local_picks_exclusive BOOLEAN NOT NULL DEFAULT false,
    created_at TEXT NOT NULL,
    updated_at TEXT NOT NULL
);

-- saved_payment_methods table
CREATE TABLE saved_payment_methods (
    payment_method_id TEXT PRIMARY KEY,
    user_id TEXT NOT NULL REFERENCES users(user_id),
    payment_label TEXT NOT NULL,
    card_type TEXT NOT NULL,
    last_four_digits TEXT NOT NULL,
    expiration_month TEXT NOT NULL,
    expiration_year TEXT NOT NULL,
    billing_zip_code TEXT NOT NULL,
    is_default BOOLEAN NOT NULL DEFAULT false,
    created_at TEXT NOT NULL,
    updated_at TEXT NOT NULL
);

-- orders table
CREATE TABLE orders (
    order_id TEXT PRIMARY KEY,
    user_id TEXT NOT NULL REFERENCES users(user_id),
    restaurant_id TEXT NOT NULL REFERENCES restaurants(restaurant_id),
    order_type TEXT NOT NULL,
    order_status TEXT NOT NULL,
    delivery_street_address TEXT,
    delivery_apartment_suite TEXT,
    delivery_city TEXT,
    delivery_state TEXT,
    delivery_zip_code TEXT,
    special_instructions TEXT,
    subtotal NUMERIC NOT NULL,
    discount_amount NUMERIC NOT NULL DEFAULT 0,
    discount_id TEXT REFERENCES discounts(discount_id),
    delivery_fee NUMERIC NOT NULL DEFAULT 0,
    tax NUMERIC NOT NULL,
    tip NUMERIC NOT NULL DEFAULT 0,
    grand_total NUMERIC NOT NULL,
    payment_method_id TEXT REFERENCES saved_payment_methods(payment_method_id),
    payment_status TEXT NOT NULL,
    estimated_delivery_time TEXT,
    estimated_pickup_time TEXT,
    order_received_at TEXT,
    preparing_started_at TEXT,
    ready_at TEXT,
    out_for_delivery_at TEXT,
    delivered_at TEXT,
    cancelled_at TEXT,
    cancellation_reason TEXT,
    created_at TEXT NOT NULL,
    updated_at TEXT NOT NULL
);

-- order_items table
CREATE TABLE order_items (
    order_item_id TEXT PRIMARY KEY,
    order_id TEXT NOT NULL REFERENCES orders(order_id),
    menu_item_id TEXT NOT NULL REFERENCES menu_items(menu_item_id),
    item_name TEXT NOT NULL,
    base_price NUMERIC NOT NULL,
    selected_size TEXT,
    size_price_adjustment NUMERIC NOT NULL DEFAULT 0,
    selected_addons JSONB NOT NULL DEFAULT '[]',
    selected_modifications JSONB NOT NULL DEFAULT '[]',
    special_instructions TEXT,
    quantity INTEGER NOT NULL,
    item_total_price NUMERIC NOT NULL,
    created_at TEXT NOT NULL
);

-- favorites table
CREATE TABLE favorites (
    favorite_id TEXT PRIMARY KEY,
    user_id TEXT NOT NULL REFERENCES users(user_id),
    restaurant_id TEXT NOT NULL REFERENCES restaurants(restaurant_id),
    created_at TEXT NOT NULL
);

-- reviews table
CREATE TABLE reviews (
    review_id TEXT PRIMARY KEY,
    user_id TEXT NOT NULL REFERENCES users(user_id),
    restaurant_id TEXT NOT NULL REFERENCES restaurants(restaurant_id),
    order_id TEXT REFERENCES orders(order_id),
    star_rating INTEGER NOT NULL,
    review_title TEXT,
    review_text TEXT NOT NULL,
    is_verified_visit BOOLEAN NOT NULL DEFAULT false,
    helpful_count INTEGER NOT NULL DEFAULT 0,
    is_edited BOOLEAN NOT NULL DEFAULT false,
    edited_at TEXT,
    created_at TEXT NOT NULL,
    updated_at TEXT NOT NULL
);

-- review_photos table
CREATE TABLE review_photos (
    photo_id TEXT PRIMARY KEY,
    review_id TEXT NOT NULL REFERENCES reviews(review_id),
    photo_url TEXT NOT NULL,
    display_order INTEGER NOT NULL DEFAULT 0,
    created_at TEXT NOT NULL
);

-- review_helpful_marks table
CREATE TABLE review_helpful_marks (
    helpful_mark_id TEXT PRIMARY KEY,
    review_id TEXT NOT NULL REFERENCES reviews(review_id),
    user_id TEXT NOT NULL REFERENCES users(user_id),
    created_at TEXT NOT NULL
);

-- review_reports table
CREATE TABLE review_reports (
    report_id TEXT PRIMARY KEY,
    review_id TEXT NOT NULL REFERENCES reviews(review_id),
    reported_by_user_id TEXT NOT NULL REFERENCES users(user_id),
    reason TEXT NOT NULL,
    additional_details TEXT,
    status TEXT NOT NULL DEFAULT 'pending',
    reviewed_at TEXT,
    created_at TEXT NOT NULL
);

-- discount_redemptions table
CREATE TABLE discount_redemptions (
    redemption_id TEXT PRIMARY KEY,
    discount_id TEXT NOT NULL REFERENCES discounts(discount_id),
    user_id TEXT NOT NULL REFERENCES users(user_id),
    order_id TEXT REFERENCES orders(order_id),
    redemption_method TEXT NOT NULL,
    discount_amount_applied NUMERIC NOT NULL,
    redeemed_at TEXT NOT NULL
);

-- badges table
CREATE TABLE badges (
    badge_id TEXT PRIMARY KEY,
    badge_name TEXT UNIQUE NOT NULL,
    badge_description TEXT NOT NULL,
    badge_icon_url TEXT,
    criteria_type TEXT NOT NULL,
    criteria_value INTEGER NOT NULL,
    created_at TEXT NOT NULL
);

-- user_badges table
CREATE TABLE user_badges (
    user_badge_id TEXT PRIMARY KEY,
    user_id TEXT NOT NULL REFERENCES users(user_id),
    badge_id TEXT NOT NULL REFERENCES badges(badge_id),
    is_showcased BOOLEAN NOT NULL DEFAULT false,
    showcase_order INTEGER,
    earned_at TEXT NOT NULL
);

-- verifications table
CREATE TABLE verifications (
    verification_id TEXT PRIMARY KEY,
    user_id TEXT NOT NULL REFERENCES users(user_id),
    restaurant_id TEXT NOT NULL REFERENCES restaurants(restaurant_id),
    verification_method TEXT NOT NULL,
    order_id TEXT REFERENCES orders(order_id),
    verified_at TEXT NOT NULL
);

-- saved_addresses table
CREATE TABLE saved_addresses (
    address_id TEXT PRIMARY KEY,
    user_id TEXT NOT NULL REFERENCES users(user_id),
    address_label TEXT NOT NULL,
    street_address TEXT NOT NULL,
    apartment_suite TEXT,
    city TEXT NOT NULL,
    state TEXT NOT NULL,
    zip_code TEXT NOT NULL,
    is_default BOOLEAN NOT NULL DEFAULT false,
    created_at TEXT NOT NULL,
    updated_at TEXT NOT NULL
);

-- notifications table
CREATE TABLE notifications (
    notification_id TEXT PRIMARY KEY,
    user_id TEXT NOT NULL REFERENCES users(user_id),
    notification_type TEXT NOT NULL,
    message TEXT NOT NULL,
    action_url TEXT,
    is_read BOOLEAN NOT NULL DEFAULT false,
    created_at TEXT NOT NULL,
    read_at TEXT
);

-- search_history table
CREATE TABLE search_history (
    search_id TEXT PRIMARY KEY,
    user_id TEXT NOT NULL REFERENCES users(user_id),
    search_query TEXT NOT NULL,
    search_type TEXT NOT NULL,
    created_at TEXT NOT NULL
);

-- user_statistics table
CREATE TABLE user_statistics (
    stat_id TEXT PRIMARY KEY,
    user_id TEXT UNIQUE NOT NULL REFERENCES users(user_id),
    total_reviews_written INTEGER NOT NULL DEFAULT 0,
    total_restaurants_visited INTEGER NOT NULL DEFAULT 0,
    total_favorites_saved INTEGER NOT NULL DEFAULT 0,
    total_orders_placed INTEGER NOT NULL DEFAULT 0,
    total_badges_earned INTEGER NOT NULL DEFAULT 0,
    total_discounts_redeemed INTEGER NOT NULL DEFAULT 0,
    unique_cuisines_tried JSONB NOT NULL DEFAULT '[]',
    updated_at TEXT NOT NULL
);

-- password_reset_tokens table
CREATE TABLE password_reset_tokens (
    token_id TEXT PRIMARY KEY,
    user_id TEXT NOT NULL REFERENCES users(user_id),
    reset_token TEXT UNIQUE NOT NULL,
    expires_at TEXT NOT NULL,
    is_used BOOLEAN NOT NULL DEFAULT false,
    created_at TEXT NOT NULL
);

-- dismissed_recommendations table
CREATE TABLE dismissed_recommendations (
    dismissal_id TEXT PRIMARY KEY,
    user_id TEXT NOT NULL REFERENCES users(user_id),
    restaurant_id TEXT NOT NULL REFERENCES restaurants(restaurant_id),
    dismissed_until TEXT NOT NULL,
    created_at TEXT NOT NULL
);

-- weekly_local_picks table
CREATE TABLE weekly_local_picks (
    pick_id TEXT PRIMARY KEY,
    restaurant_id TEXT NOT NULL REFERENCES restaurants(restaurant_id),
    week_start_date TEXT NOT NULL,
    week_end_date TEXT NOT NULL,
    featured_description TEXT,
    display_order INTEGER NOT NULL DEFAULT 0,
    selection_criteria TEXT,
    created_at TEXT NOT NULL
);

-- test_sync_table2 table
CREATE TABLE test_sync_table2 (
    id SERIAL PRIMARY KEY,
    test_data TEXT
);

-- ============================================
-- SEED DATA
-- ============================================

-- Insert Users (15 users)
INSERT INTO users (user_id, email, password_hash, full_name, phone_number, profile_picture_url, is_verified, member_since, notification_preferences, location_permission_granted, profile_public, reviews_public, last_login, created_at, updated_at) VALUES
('user_001', 'sarah.johnson@email.com', 'password123', 'Sarah Johnson', '+1-555-0101', 'https://picsum.photos/seed/user001/200', true, '2023-01-15T08:00:00Z', '{"order_updates_email":true,"order_updates_push":true,"promotions_email":true,"promotions_push":true,"weekly_picks_email":true,"weekly_picks_push":true,"new_restaurants_email":true,"new_restaurants_push":true,"review_responses_email":true,"review_responses_push":true}', true, true, true, '2024-01-10T14:30:00Z', '2023-01-15T08:00:00Z', '2024-01-10T14:30:00Z'),
('user_002', 'michael.chen@email.com', 'password123', 'Michael Chen', '+1-555-0102', 'https://picsum.photos/seed/user002/200', true, '2023-02-20T10:00:00Z', '{"order_updates_email":true,"order_updates_push":true,"promotions_email":false,"promotions_push":false,"weekly_picks_email":true,"weekly_picks_push":true,"new_restaurants_email":false,"new_restaurants_push":false,"review_responses_email":true,"review_responses_push":true}', true, true, true, '2024-01-11T09:15:00Z', '2023-02-20T10:00:00Z', '2024-01-11T09:15:00Z'),
('user_003', 'emily.rodriguez@email.com', 'password123', 'Emily Rodriguez', '+1-555-0103', 'https://picsum.photos/seed/user003/200', true, '2023-03-10T12:30:00Z', '{"order_updates_email":true,"order_updates_push":true,"promotions_email":true,"promotions_push":true,"weekly_picks_email":true,"weekly_picks_push":false,"new_restaurants_email":true,"new_restaurants_push":true,"review_responses_email":true,"review_responses_push":true}', false, true, true, '2024-01-11T18:45:00Z', '2023-03-10T12:30:00Z', '2024-01-11T18:45:00Z'),
('user_004', 'david.kim@email.com', 'password123', 'David Kim', '+1-555-0104', 'https://picsum.photos/seed/user004/200', true, '2023-04-05T15:00:00Z', '{"order_updates_email":true,"order_updates_push":true,"promotions_email":true,"promotions_push":true,"weekly_picks_email":false,"weekly_picks_push":false,"new_restaurants_email":false,"new_restaurants_push":false,"review_responses_email":false,"review_responses_push":false}', true, true, false, '2024-01-10T20:00:00Z', '2023-04-05T15:00:00Z', '2024-01-10T20:00:00Z'),
('user_005', 'jessica.williams@email.com', 'password123', 'Jessica Williams', '+1-555-0105', 'https://picsum.photos/seed/user005/200', true, '2023-05-12T09:00:00Z', '{"order_updates_email":true,"order_updates_push":true,"promotions_email":true,"promotions_push":true,"weekly_picks_email":true,"weekly_picks_push":true,"new_restaurants_email":true,"new_restaurants_push":true,"review_responses_email":true,"review_responses_push":true}', true, true, true, '2024-01-11T12:30:00Z', '2023-05-12T09:00:00Z', '2024-01-11T12:30:00Z'),
('user_006', 'james.martinez@email.com', 'password123', 'James Martinez', '+1-555-0106', 'https://picsum.photos/seed/user006/200', false, '2023-06-18T14:00:00Z', '{"order_updates_email":true,"order_updates_push":true,"promotions_email":false,"promotions_push":false,"weekly_picks_email":true,"weekly_picks_push":true,"new_restaurants_email":false,"new_restaurants_push":false,"review_responses_email":true,"review_responses_push":true}', false, true, true, '2024-01-09T16:00:00Z', '2023-06-18T14:00:00Z', '2024-01-09T16:00:00Z'),
('user_007', 'amanda.taylor@email.com', 'password123', 'Amanda Taylor', '+1-555-0107', 'https://picsum.photos/seed/user007/200', true, '2023-07-22T11:00:00Z', '{"order_updates_email":true,"order_updates_push":true,"promotions_email":true,"promotions_push":true,"weekly_picks_email":true,"weekly_picks_push":true,"new_restaurants_email":true,"new_restaurants_push":true,"review_responses_email":true,"review_responses_push":true}', true, false, false, '2024-01-11T10:00:00Z', '2023-07-22T11:00:00Z', '2024-01-11T10:00:00Z'),
('user_008', 'christopher.brown@email.com', 'password123', 'Christopher Brown', '+1-555-0108', 'https://picsum.photos/seed/user008/200', true, '2023-08-30T13:00:00Z', '{"order_updates_email":true,"order_updates_push":false,"promotions_email":true,"promotions_push":false,"weekly_picks_email":true,"weekly_picks_push":false,"new_restaurants_email":false,"new_restaurants_push":false,"review_responses_email":true,"review_responses_push":false}', true, true, true, '2024-01-10T15:30:00Z', '2023-08-30T13:00:00Z', '2024-01-10T15:30:00Z'),
('user_009', 'sophia.davis@email.com', 'password123', 'Sophia Davis', '+1-555-0109', 'https://picsum.photos/seed/user009/200', true, '2023-09-14T10:00:00Z', '{"order_updates_email":true,"order_updates_push":true,"promotions_email":true,"promotions_push":true,"weekly_picks_email":true,"weekly_picks_push":true,"new_restaurants_email":true,"new_restaurants_push":true,"review_responses_email":true,"review_responses_push":true}', true, true, true, '2024-01-11T13:00:00Z', '2023-09-14T10:00:00Z', '2024-01-11T13:00:00Z'),
('user_010', 'matthew.wilson@email.com', 'password123', 'Matthew Wilson', '+1-555-0110', 'https://picsum.photos/seed/user010/200', true, '2023-10-05T16:00:00Z', '{"order_updates_email":false,"order_updates_push":true,"promotions_email":false,"promotions_push":false,"weekly_picks_email":false,"weekly_picks_push":true,"new_restaurants_email":false,"new_restaurants_push":false,"review_responses_email":false,"review_responses_push":true}', false, true, true, '2024-01-11T11:00:00Z', '2023-10-05T16:00:00Z', '2024-01-11T11:00:00Z'),
('user_011', 'olivia.anderson@email.com', 'password123', 'Olivia Anderson', '+1-555-0111', 'https://picsum.photos/seed/user011/200', false, '2023-11-08T09:00:00Z', '{"order_updates_email":true,"order_updates_push":true,"promotions_email":true,"promotions_push":true,"weekly_picks_email":true,"weekly_picks_push":true,"new_restaurants_email":false,"new_restaurants_push":false,"review_responses_email":true,"review_responses_push":true}', true, true, true, '2024-01-08T14:00:00Z', '2023-11-08T09:00:00Z', '2024-01-08T14:00:00Z'),
('user_012', 'daniel.thomas@email.com', 'password123', 'Daniel Thomas', '+1-555-0112', 'https://picsum.photos/seed/user012/200', true, '2023-11-20T12:00:00Z', '{"order_updates_email":true,"order_updates_push":true,"promotions_email":false,"promotions_push":false,"weekly_picks_email":true,"weekly_picks_push":true,"new_restaurants_email":true,"new_restaurants_push":true,"review_responses_email":true,"review_responses_push":true}', true, true, true, '2024-01-11T17:00:00Z', '2023-11-20T12:00:00Z', '2024-01-11T17:00:00Z'),
('user_013', 'isabella.garcia@email.com', 'password123', 'Isabella Garcia', '+1-555-0113', 'https://picsum.photos/seed/user013/200', true, '2023-12-01T14:00:00Z', '{"order_updates_email":true,"order_updates_push":true,"promotions_email":true,"promotions_push":true,"weekly_picks_email":true,"weekly_picks_push":true,"new_restaurants_email":true,"new_restaurants_push":true,"review_responses_email":true,"review_responses_push":true}', true, true, true, '2024-01-11T19:00:00Z', '2023-12-01T14:00:00Z', '2024-01-11T19:00:00Z'),
('user_014', 'ryan.moore@email.com', 'password123', 'Ryan Moore', '+1-555-0114', 'https://picsum.photos/seed/user014/200', true, '2023-12-15T11:00:00Z', '{"order_updates_email":true,"order_updates_push":true,"promotions_email":true,"promotions_push":true,"weekly_picks_email":false,"weekly_picks_push":false,"new_restaurants_email":false,"new_restaurants_push":false,"review_responses_email":true,"review_responses_push":true}', false, false, true, '2024-01-10T10:00:00Z', '2023-12-15T11:00:00Z', '2024-01-10T10:00:00Z'),
('user_015', 'mia.jackson@email.com', 'password123', 'Mia Jackson', '+1-555-0115', 'https://picsum.photos/seed/user015/200', true, '2024-01-05T08:00:00Z', '{"order_updates_email":true,"order_updates_push":true,"promotions_email":true,"promotions_push":true,"weekly_picks_email":true,"weekly_picks_push":true,"new_restaurants_email":true,"new_restaurants_push":true,"review_responses_email":true,"review_responses_push":true}', true, true, true, '2024-01-11T21:00:00Z', '2024-01-05T08:00:00Z', '2024-01-11T21:00:00Z');

-- Insert Restaurants (20 restaurants)
INSERT INTO restaurants (restaurant_id, restaurant_name, description, cuisine_types, price_range, street_address, apartment_suite, city, state, zip_code, latitude, longitude, phone_number, primary_hero_image_url, average_rating, total_review_count, total_order_count, is_currently_open, accepts_delivery, accepts_pickup, delivery_fee, minimum_order_amount, delivery_radius_miles, estimated_prep_time_minutes, estimated_delivery_time_minutes, is_featured, featured_week_start, featured_description, is_active, created_at, updated_at) VALUES
('rest_001', 'Bella Italia Trattoria', 'Authentic Italian cuisine featuring handmade pasta, wood-fired pizzas, and traditional recipes passed down through generations', '["Italian", "Pizza", "Pasta"]', 2, '456 Main Street', NULL, 'Portland', 'OR', '97201', 45.5231, -122.6765, '+1-555-1001', 'https://picsum.photos/seed/rest001/800/600', 4.7, 324, 1247, true, true, true, 4.99, 15.00, 5, 25, 40, true, '2024-01-08T00:00:00Z', 'Award-winning pasta dishes crafted by Chef Giovanni, featuring imported Italian ingredients', true, '2022-03-15T10:00:00Z', '2024-01-11T12:00:00Z'),
('rest_002', 'Spice Route Indian Kitchen', 'Contemporary Indian restaurant offering bold flavors, tandoori specialties, and an extensive vegetarian menu', '["Indian", "Vegetarian", "Curry"]', 2, '789 Oak Avenue', 'Suite 101', 'Portland', 'OR', '97202', 45.5156, -122.6543, '+1-555-1002', 'https://picsum.photos/seed/rest002/800/600', 4.5, 287, 982, true, true, true, 3.99, 12.00, 6, 30, 45, false, NULL, NULL, true, '2022-04-20T10:00:00Z', '2024-01-11T12:00:00Z'),
('rest_003', 'Tokyo Sushi Bar', 'Premium sushi restaurant with daily fresh fish selections, omakase experiences, and innovative Japanese fusion dishes', '["Japanese", "Sushi", "Asian"]', 3, '234 Pearl Street', NULL, 'Portland', 'OR', '97203', 45.5287, -122.6891, '+1-555-1003', 'https://picsum.photos/seed/rest003/800/600', 4.8, 412, 1589, true, true, true, 5.99, 20.00, 4, 35, 50, true, '2024-01-08T00:00:00Z', 'Master sushi chef with 20 years of experience, featuring premium bluefin tuna', true, '2022-05-10T10:00:00Z', '2024-01-11T12:00:00Z'),
('rest_004', 'Green Leaf Vegan Cafe', 'Plant-based paradise offering creative vegan dishes, smoothie bowls, and organic coffee in a cozy atmosphere', '["Vegan", "Healthy", "Cafe"]', 2, '567 Forest Drive', NULL, 'Portland', 'OR', '97204', 45.5334, -122.6612, '+1-555-1004', 'https://picsum.photos/seed/rest004/800/600', 4.6, 198, 734, true, true, true, 2.99, 10.00, 5, 20, 35, false, NULL, NULL, true, '2022-06-01T10:00:00Z', '2024-01-11T12:00:00Z'),
('rest_005', 'The Burger Joint', 'Gourmet burger destination with locally sourced beef, creative toppings, and hand-cut fries', '["American", "Burgers", "Comfort Food"]', 2, '890 Broadway', NULL, 'Portland', 'OR', '97205', 45.5189, -122.6723, '+1-555-1005', 'https://picsum.photos/seed/rest005/800/600', 4.4, 456, 2103, true, true, true, 3.49, 12.00, 7, 20, 35, false, NULL, NULL, true, '2022-07-15T10:00:00Z', '2024-01-11T12:00:00Z'),
('rest_006', 'Dragon Wok Chinese Cuisine', 'Family-owned Chinese restaurant specializing in Szechuan and Cantonese dishes with authentic flavors', '["Chinese", "Asian", "Noodles"]', 1, '123 Chinatown Lane', NULL, 'Portland', 'OR', '97206', 45.5245, -122.6789, '+1-555-1006', 'https://picsum.photos/seed/rest006/800/600', 4.3, 276, 1156, true, true, true, 2.99, 15.00, 6, 25, 40, false, NULL, NULL, true, '2022-08-20T10:00:00Z', '2024-01-11T12:00:00Z'),
('rest_007', 'La Plaza Mexicana', 'Vibrant Mexican restaurant with traditional recipes, fresh guacamole made tableside, and an extensive tequila selection', '["Mexican", "Latin", "Tacos"]', 2, '456 Sunset Boulevard', NULL, 'Portland', 'OR', '97207', 45.5312, -122.6834, '+1-555-1007', 'https://picsum.photos/seed/rest007/800/600', 4.6, 389, 1678, true, true, true, 4.49, 15.00, 5, 25, 40, true, '2024-01-08T00:00:00Z', 'Authentic Oaxacan mole and fresh tortillas made daily', true, '2022-09-05T10:00:00Z', '2024-01-11T12:00:00Z'),
('rest_008', 'Mediterranean Breeze', 'Fresh Mediterranean cuisine featuring Greek and Lebanese specialties, mezze platters, and grilled meats', '["Mediterranean", "Greek", "Middle Eastern"]', 2, '789 Coast Highway', NULL, 'Portland', 'OR', '97208', 45.5267, -122.6701, '+1-555-1008', 'https://picsum.photos/seed/rest008/800/600', 4.5, 312, 1089, true, true, true, 3.99, 12.00, 5, 30, 45, false, NULL, NULL, true, '2022-10-12T10:00:00Z', '2024-01-11T12:00:00Z'),
('rest_009', 'Seoul Kitchen', 'Modern Korean BBQ and traditional dishes with tableside grilling, kimchi varieties, and Korean fried chicken', '["Korean", "Asian", "BBQ"]', 2, '234 Garden Street', NULL, 'Portland', 'OR', '97209', 45.5298, -122.6845, '+1-555-1009', 'https://picsum.photos/seed/rest009/800/600', 4.7, 367, 1432, true, true, true, 4.99, 18.00, 5, 30, 45, false, NULL, NULL, true, '2022-11-18T10:00:00Z', '2024-01-11T12:00:00Z'),
('rest_010', 'Paris Bistro', 'Classic French bistro with seasonal menus, wine pairings, and romantic ambiance perfect for special occasions', '["French", "European", "Fine Dining"]', 3, '567 Riverside Drive', NULL, 'Portland', 'OR', '97210', 45.5323, -122.6767, '+1-555-1010', 'https://picsum.photos/seed/rest010/800/600', 4.8, 289, 876, false, true, true, 6.99, 25.00, 4, 40, 55, true, '2024-01-08T00:00:00Z', 'Michelin-trained chef presenting classic French techniques with local ingredients', true, '2022-12-01T10:00:00Z', '2024-01-11T12:00:00Z'),
('rest_011', 'Thai Basil Express', 'Fast-casual Thai restaurant with customizable curry bowls, pad thai, and aromatic coconut soups', '["Thai", "Asian", "Noodles"]', 1, '890 Market Street', NULL, 'Portland', 'OR', '97211', 45.5178, -122.6698, '+1-555-1011', 'https://picsum.photos/seed/rest011/800/600', 4.4, 445, 2234, true, true, true, 2.49, 10.00, 6, 20, 35, false, NULL, NULL, true, '2023-01-10T10:00:00Z', '2024-01-11T12:00:00Z'),
('rest_012', 'Steakhouse 1889', 'Premium steakhouse featuring USDA Prime beef, extensive wine cellar, and classic American steakhouse experience', '["Steakhouse", "American", "Fine Dining"]', 4, '123 Downtown Plaza', NULL, 'Portland', 'OR', '97212', 45.5234, -122.6812, '+1-555-1012', 'https://picsum.photos/seed/rest012/800/600', 4.9, 234, 678, true, false, true, 0, 0, 0, 45, 0, false, NULL, NULL, true, '2023-02-14T10:00:00Z', '2024-01-11T12:00:00Z'),
('rest_013', 'Poke Paradise', 'Hawaiian poke bowls with fresh ahi tuna, creative toppings, and tropical drinks', '["Hawaiian", "Seafood", "Healthy"]', 2, '456 Beach Avenue', NULL, 'Portland', 'OR', '97213', 45.5289, -122.6734, '+1-555-1013', 'https://picsum.photos/seed/rest013/800/600', 4.5, 328, 1567, true, true, true, 3.99, 12.00, 5, 15, 30, false, NULL, NULL, true, '2023-03-20T10:00:00Z', '2024-01-11T12:00:00Z'),
('rest_014', 'Little Ethiopia', 'Traditional Ethiopian restaurant with communal dining, injera bread, and flavorful stews served family-style', '["Ethiopian", "African", "Vegetarian"]', 2, '789 Unity Way', NULL, 'Portland', 'OR', '97214', 45.5301, -122.6789, '+1-555-1014', 'https://picsum.photos/seed/rest014/800/600', 4.6, 267, 845, true, true, true, 4.49, 15.00, 5, 30, 45, true, '2024-01-08T00:00:00Z', 'Authentic recipes from Addis Ababa with vegetarian combination platters', true, '2023-04-15T10:00:00Z', '2024-01-11T12:00:00Z'),
('rest_015', 'BBQ Heaven', 'Texas-style BBQ with slow-smoked meats, homemade sauces, and Southern comfort sides', '["BBQ", "American", "Southern"]', 2, '234 Smoke House Road', NULL, 'Portland', 'OR', '97215', 45.5212, -122.6756, '+1-555-1015', 'https://picsum.photos/seed/rest015/800/600', 4.7, 398, 1789, true, true, true, 4.99, 18.00, 6, 35, 50, false, NULL, NULL, true, '2023-05-22T10:00:00Z', '2024-01-11T12:00:00Z'),
('rest_016', 'Ramen House', 'Authentic Japanese ramen shop with rich broths, handmade noodles, and traditional toppings', '["Japanese", "Ramen", "Noodles"]', 2, '567 Noodle Lane', NULL, 'Portland', 'OR', '97216', 45.5345, -122.6801, '+1-555-1016', 'https://picsum.photos/seed/rest016/800/600', 4.6, 512, 2456, true, true, true, 3.49, 12.00, 5, 25, 40, false, NULL, NULL, true, '2023-06-30T10:00:00Z', '2024-01-11T12:00:00Z'),
('rest_017', 'Farm to Table Kitchen', 'Seasonal American cuisine with ingredients sourced from local farms, rotating menu based on harvest', '["American", "Farm to Table", "Seasonal"]', 3, '890 Harvest Lane', NULL, 'Portland', 'OR', '97217', 45.5278, -122.6723, '+1-555-1017', 'https://picsum.photos/seed/rest017/800/600', 4.8, 276, 923, true, true, true, 5.99, 20.00, 4, 35, 50, true, '2024-01-08T00:00:00Z', 'Chef''s tasting menu featuring produce from within 50 miles', true, '2023-07-15T10:00:00Z', '2024-01-11T12:00:00Z'),
('rest_018', 'Pizza Napoli', 'Neapolitan pizza with imported Italian ingredients, wood-fired oven, and traditional Margherita pizzas', '["Pizza", "Italian", "Casual"]', 2, '123 Pizza Plaza', NULL, 'Portland', 'OR', '97218', 45.5256, -122.6778, '+1-555-1018', 'https://picsum.photos/seed/rest018/800/600', 4.5, 434, 2134, true, true, true, 3.99, 15.00, 6, 20, 35, false, NULL, NULL, true, '2023-08-20T10:00:00Z', '2024-01-11T12:00:00Z'),
('rest_019', 'The Breakfast Club', 'All-day breakfast spot with creative pancakes, benedicts, and locally roasted coffee', '["Breakfast", "Brunch", "American"]', 2, '456 Morning Avenue', NULL, 'Portland', 'OR', '97219', 45.5223, -122.6745, '+1-555-1019', 'https://picsum.photos/seed/rest019/800/600', 4.7, 523, 2678, true, true, true, 2.99, 10.00, 5, 25, 40, false, NULL, NULL, true, '2023-09-10T10:00:00Z', '2024-01-11T12:00:00Z'),
('rest_020', 'Seafood Shack', 'Coastal seafood restaurant with daily catches, clam chowder, fish and chips, and lobster rolls', '["Seafood", "American", "Coastal"]', 3, '789 Harbor View', NULL, 'Portland', 'OR', '97220', 45.5312, -122.6823, '+1-555-1020', 'https://picsum.photos/seed/rest020/800/600', 4.6, 356, 1345, true, true, true, 5.49, 18.00, 5, 30, 45, true, '2024-01-08T00:00:00Z', 'Fresh oysters and sustainable seafood from Pacific Northwest waters', true, '2023-10-05T10:00:00Z', '2024-01-11T12:00:00Z');

-- Insert Restaurant Hours (140 entries - 7 days for each of 20 restaurants)
INSERT INTO restaurant_hours (hours_id, restaurant_id, day_of_week, open_time, close_time, is_closed, created_at, updated_at) VALUES
-- Bella Italia Trattoria
('hours_001_0', 'rest_001', 0, '11:00', '22:00', false, '2022-03-15T10:00:00Z', '2024-01-01T10:00:00Z'),
('hours_001_1', 'rest_001', 1, '11:00', '22:00', false, '2022-03-15T10:00:00Z', '2024-01-01T10:00:00Z'),
('hours_001_2', 'rest_001', 2, '11:00', '22:00', false, '2022-03-15T10:00:00Z', '2024-01-01T10:00:00Z'),
('hours_001_3', 'rest_001', 3, '11:00', '22:00', false, '2022-03-15T10:00:00Z', '2024-01-01T10:00:00Z'),
('hours_001_4', 'rest_001', 4, '11:00', '23:00', false, '2022-03-15T10:00:00Z', '2024-01-01T10:00:00Z'),
('hours_001_5', 'rest_001', 5, '11:00', '23:00', false, '2022-03-15T10:00:00Z', '2024-01-01T10:00:00Z'),
('hours_001_6', 'rest_001', 6, '12:00', '21:00', false, '2022-03-15T10:00:00Z', '2024-01-01T10:00:00Z'),
-- Spice Route Indian Kitchen
('hours_002_0', 'rest_002', 0, '11:30', '21:30', false, '2022-04-20T10:00:00Z', '2024-01-01T10:00:00Z'),
('hours_002_1', 'rest_002', 1, '11:30', '21:30', false, '2022-04-20T10:00:00Z', '2024-01-01T10:00:00Z'),
('hours_002_2', 'rest_002', 2, '11:30', '21:30', false, '2022-04-20T10:00:00Z', '2024-01-01T10:00:00Z'),
('hours_002_3', 'rest_002', 3, '11:30', '21:30', false, '2022-04-20T10:00:00Z', '2024-01-01T10:00:00Z'),
('hours_002_4', 'rest_002', 4, '11:30', '22:00', false, '2022-04-20T10:00:00Z', '2024-01-01T10:00:00Z'),
('hours_002_5', 'rest_002', 5, '11:30', '22:00', false, '2022-04-20T10:00:00Z', '2024-01-01T10:00:00Z'),
('hours_002_6', 'rest_002', 6, '12:00', '21:00', false, '2022-04-20T10:00:00Z', '2024-01-01T10:00:00Z'),
-- Tokyo Sushi Bar
('hours_003_0', 'rest_003', 0, NULL, NULL, true, '2022-05-10T10:00:00Z', '2024-01-01T10:00:00Z'),
('hours_003_1', 'rest_003', 1, '17:00', '22:00', false, '2022-05-10T10:00:00Z', '2024-01-01T10:00:00Z'),
('hours_003_2', 'rest_003', 2, '17:00', '22:00', false, '2022-05-10T10:00:00Z', '2024-01-01T10:00:00Z'),
('hours_003_3', 'rest_003', 3, '17:00', '22:00', false, '2022-05-10T10:00:00Z', '2024-01-01T10:00:00Z'),
('hours_003_4', 'rest_003', 4, '17:00', '23:00', false, '2022-05-10T10:00:00Z', '2024-01-01T10:00:00Z'),
('hours_003_5', 'rest_003', 5, '17:00', '23:00', false, '2022-05-10T10:00:00Z', '2024-01-01T10:00:00Z'),
('hours_003_6', 'rest_003', 6, '17:00', '22:00', false, '2022-05-10T10:00:00Z', '2024-01-01T10:00:00Z'),
-- Green Leaf Vegan Cafe
('hours_004_0', 'rest_004', 0, '08:00', '20:00', false, '2022-06-01T10:00:00Z', '2024-01-01T10:00:00Z'),
('hours_004_1', 'rest_004', 1, '08:00', '20:00', false, '2022-06-01T10:00:00Z', '2024-01-01T10:00:00Z'),
('hours_004_2', 'rest_004', 2, '08:00', '20:00', false, '2022-06-01T10:00:00Z', '2024-01-01T10:00:00Z'),
('hours_004_3', 'rest_004', 3, '08:00', '20:00', false, '2022-06-01T10:00:00Z', '2024-01-01T10:00:00Z'),
('hours_004_4', 'rest_004', 4, '08:00', '20:00', false, '2022-06-01T10:00:00Z', '2024-01-01T10:00:00Z'),
('hours_004_5', 'rest_004', 5, '08:00', '20:00', false, '2022-06-01T10:00:00Z', '2024-01-01T10:00:00Z'),
('hours_004_6', 'rest_004', 6, '09:00', '19:00', false, '2022-06-01T10:00:00Z', '2024-01-01T10:00:00Z'),
-- The Burger Joint
('hours_005_0', 'rest_005', 0, '11:00', '22:00', false, '2022-07-15T10:00:00Z', '2024-01-01T10:00:00Z'),
('hours_005_1', 'rest_005', 1, '11:00', '22:00', false, '2022-07-15T10:00:00Z', '2024-01-01T10:00:00Z'),
('hours_005_2', 'rest_005', 2, '11:00', '22:00', false, '2022-07-15T10:00:00Z', '2024-01-01T10:00:00Z'),
('hours_005_3', 'rest_005', 3, '11:00', '22:00', false, '2022-07-15T10:00:00Z', '2024-01-01T10:00:00Z'),
('hours_005_4', 'rest_005', 4, '11:00', '23:00', false, '2022-07-15T10:00:00Z', '2024-01-01T10:00:00Z'),
('hours_005_5', 'rest_005', 5, '11:00', '00:00', false, '2022-07-15T10:00:00Z', '2024-01-01T10:00:00Z'),
('hours_005_6', 'rest_005', 6, '11:00', '00:00', false, '2022-07-15T10:00:00Z', '2024-01-01T10:00:00Z'),
-- Dragon Wok
('hours_006_0', 'rest_006', 0, '11:00', '21:00', false, '2022-08-20T10:00:00Z', '2024-01-01T10:00:00Z'),
('hours_006_1', 'rest_006', 1, '11:00', '21:00', false, '2022-08-20T10:00:00Z', '2024-01-01T10:00:00Z'),
('hours_006_2', 'rest_006', 2, '11:00', '21:00', false, '2022-08-20T10:00:00Z', '2024-01-01T10:00:00Z'),
('hours_006_3', 'rest_006', 3, '11:00', '21:00', false, '2022-08-20T10:00:00Z', '2024-01-01T10:00:00Z'),
('hours_006_4', 'rest_006', 4, '11:00', '22:00', false, '2022-08-20T10:00:00Z', '2024-01-01T10:00:00Z'),
('hours_006_5', 'rest_006', 5, '11:00', '22:00', false, '2022-08-20T10:00:00Z', '2024-01-01T10:00:00Z'),
('hours_006_6', 'rest_006', 6, '12:00', '21:00', false, '2022-08-20T10:00:00Z', '2024-01-01T10:00:00Z'),
-- La Plaza Mexicana
('hours_007_0', 'rest_007', 0, '11:00', '22:00', false, '2022-09-05T10:00:00Z', '2024-01-01T10:00:00Z'),
('hours_007_1', 'rest_007', 1, '11:00', '22:00', false, '2022-09-05T10:00:00Z', '2024-01-01T10:00:00Z'),
('hours_007_2', 'rest_007', 2, '11:00', '22:00', false, '2022-09-05T10:00:00Z', '2024-01-01T10:00:00Z'),
('hours_007_3', 'rest_007', 3, '11:00', '22:00', false, '2022-09-05T10:00:00Z', '2024-01-01T10:00:00Z'),
('hours_007_4', 'rest_007', 4, '11:00', '23:00', false, '2022-09-05T10:00:00Z', '2024-01-01T10:00:00Z'),
('hours_007_5', 'rest_007', 5, '11:00', '00:00', false, '2022-09-05T10:00:00Z', '2024-01-01T10:00:00Z'),
('hours_007_6', 'rest_007', 6, '10:00', '23:00', false, '2022-09-05T10:00:00Z', '2024-01-01T10:00:00Z'),
-- Mediterranean Breeze
('hours_008_0', 'rest_008', 0, NULL, NULL, true, '2022-10-12T10:00:00Z', '2024-01-01T10:00:00Z'),
('hours_008_1', 'rest_008', 1, '11:00', '21:00', false, '2022-10-12T10:00:00Z', '2024-01-01T10:00:00Z'),
('hours_008_2', 'rest_008', 2, '11:00', '21:00', false, '2022-10-12T10:00:00Z', '2024-01-01T10:00:00Z'),
('hours_008_3', 'rest_008', 3, '11:00', '21:00', false, '2022-10-12T10:00:00Z', '2024-01-01T10:00:00Z'),
('hours_008_4', 'rest_008', 4, '11:00', '22:00', false, '2022-10-12T10:00:00Z', '2024-01-01T10:00:00Z'),
('hours_008_5', 'rest_008', 5, '11:00', '22:00', false, '2022-10-12T10:00:00Z', '2024-01-01T10:00:00Z'),
('hours_008_6', 'rest_008', 6, '11:00', '21:00', false, '2022-10-12T10:00:00Z', '2024-01-01T10:00:00Z'),
-- Seoul Kitchen
('hours_009_0', 'rest_009', 0, '12:00', '22:00', false, '2022-11-18T10:00:00Z', '2024-01-01T10:00:00Z'),
('hours_009_1', 'rest_009', 1, '12:00', '22:00', false, '2022-11-18T10:00:00Z', '2024-01-01T10:00:00Z'),
('hours_009_2', 'rest_009', 2, '12:00', '22:00', false, '2022-11-18T10:00:00Z', '2024-01-01T10:00:00Z'),
('hours_009_3', 'rest_009', 3, '12:00', '22:00', false, '2022-11-18T10:00:00Z', '2024-01-01T10:00:00Z'),
('hours_009_4', 'rest_009', 4, '12:00', '23:00', false, '2022-11-18T10:00:00Z', '2024-01-01T10:00:00Z'),
('hours_009_5', 'rest_009', 5, '12:00', '23:00', false, '2022-11-18T10:00:00Z', '2024-01-01T10:00:00Z'),
('hours_009_6', 'rest_009', 6, '12:00', '22:00', false, '2022-11-18T10:00:00Z', '2024-01-01T10:00:00Z'),
-- Paris Bistro
('hours_010_0', 'rest_010', 0, NULL, NULL, true, '2022-12-01T10:00:00Z', '2024-01-01T10:00:00Z'),
('hours_010_1', 'rest_010', 1, NULL, NULL, true, '2022-12-01T10:00:00Z', '2024-01-01T10:00:00Z'),
('hours_010_2', 'rest_010', 2, '17:00', '22:00', false, '2022-12-01T10:00:00Z', '2024-01-01T10:00:00Z'),
('hours_010_3', 'rest_010', 3, '17:00', '22:00', false, '2022-12-01T10:00:00Z', '2024-01-01T10:00:00Z'),
('hours_010_4', 'rest_010', 4, '17:00', '23:00', false, '2022-12-01T10:00:00Z', '2024-01-01T10:00:00Z'),
('hours_010_5', 'rest_010', 5, '17:00', '23:00', false, '2022-12-01T10:00:00Z', '2024-01-01T10:00:00Z'),
('hours_010_6', 'rest_010', 6, '17:00', '22:00', false, '2022-12-01T10:00:00Z', '2024-01-01T10:00:00Z'),
-- Thai Basil Express (rest of restaurants with standard hours)
('hours_011_0', 'rest_011', 0, '10:30', '21:00', false, '2023-01-10T10:00:00Z', '2024-01-01T10:00:00Z'),
('hours_011_1', 'rest_011', 1, '10:30', '21:00', false, '2023-01-10T10:00:00Z', '2024-01-01T10:00:00Z'),
('hours_011_2', 'rest_011', 2, '10:30', '21:00', false, '2023-01-10T10:00:00Z', '2024-01-01T10:00:00Z'),
('hours_011_3', 'rest_011', 3, '10:30', '21:00', false, '2023-01-10T10:00:00Z', '2024-01-01T10:00:00Z'),
('hours_011_4', 'rest_011', 4, '10:30', '21:30', false, '2023-01-10T10:00:00Z', '2024-01-01T10:00:00Z'),
('hours_011_5', 'rest_011', 5, '10:30', '21:30', false, '2023-01-10T10:00:00Z', '2024-01-01T10:00:00Z'),
('hours_011_6', 'rest_011', 6, '11:00', '21:00', false, '2023-01-10T10:00:00Z', '2024-01-01T10:00:00Z'),
-- Steakhouse 1889
('hours_012_0', 'rest_012', 0, '16:00', '22:00', false, '2023-02-14T10:00:00Z', '2024-01-01T10:00:00Z'),
('hours_012_1', 'rest_012', 1, '16:00', '22:00', false, '2023-02-14T10:00:00Z', '2024-01-01T10:00:00Z'),
('hours_012_2', 'rest_012', 2, '16:00', '22:00', false, '2023-02-14T10:00:00Z', '2024-01-01T10:00:00Z'),
('hours_012_3', 'rest_012', 3, '16:00', '22:00', false, '2023-02-14T10:00:00Z', '2024-01-01T10:00:00Z'),
('hours_012_4', 'rest_012', 4, '16:00', '23:00', false, '2023-02-14T10:00:00Z', '2024-01-01T10:00:00Z'),
('hours_012_5', 'rest_012', 5, '16:00', '23:00', false, '2023-02-14T10:00:00Z', '2024-01-01T10:00:00Z'),
('hours_012_6', 'rest_012', 6, '16:00', '22:00', false, '2023-02-14T10:00:00Z', '2024-01-01T10:00:00Z'),
-- Rest of restaurants (13-20) with varied hours
('hours_013_0', 'rest_013', 0, '11:00', '21:00', false, '2023-03-20T10:00:00Z', '2024-01-01T10:00:00Z'),
('hours_013_1', 'rest_013', 1, '11:00', '21:00', false, '2023-03-20T10:00:00Z', '2024-01-01T10:00:00Z'),
('hours_013_2', 'rest_013', 2, '11:00', '21:00', false, '2023-03-20T10:00:00Z', '2024-01-01T10:00:00Z'),
('hours_013_3', 'rest_013', 3, '11:00', '21:00', false, '2023-03-20T10:00:00Z', '2024-01-01T10:00:00Z'),
('hours_013_4', 'rest_013', 4, '11:00', '21:00', false, '2023-03-20T10:00:00Z', '2024-01-01T10:00:00Z'),
('hours_013_5', 'rest_013', 5, '11:00', '21:00', false, '2023-03-20T10:00:00Z', '2024-01-01T10:00:00Z'),
('hours_013_6', 'rest_013', 6, '11:00', '21:00', false, '2023-03-20T10:00:00Z', '2024-01-01T10:00:00Z'),
('hours_014_0', 'rest_014', 0, NULL, NULL, true, '2023-04-15T10:00:00Z', '2024-01-01T10:00:00Z'),
('hours_014_1', 'rest_014', 1, '11:00', '22:00', false, '2023-04-15T10:00:00Z', '2024-01-01T10:00:00Z'),
('hours_014_2', 'rest_014', 2, '11:00', '22:00', false, '2023-04-15T10:00:00Z', '2024-01-01T10:00:00Z'),
('hours_014_3', 'rest_014', 3, '11:00', '22:00', false, '2023-04-15T10:00:00Z', '2024-01-01T10:00:00Z'),
('hours_014_4', 'rest_014', 4, '11:00', '22:00', false, '2023-04-15T10:00:00Z', '2024-01-01T10:00:00Z'),
('hours_014_5', 'rest_014', 5, '11:00', '22:00', false, '2023-04-15T10:00:00Z', '2024-01-01T10:00:00Z'),
('hours_014_6', 'rest_014', 6, '11:00', '22:00', false, '2023-04-15T10:00:00Z', '2024-01-01T10:00:00Z'),
('hours_015_0', 'rest_015', 0, '11:00', '21:00', false, '2023-05-22T10:00:00Z', '2024-01-01T10:00:00Z'),
('hours_015_1', 'rest_015', 1, '11:00', '21:00', false, '2023-05-22T10:00:00Z', '2024-01-01T10:00:00Z'),
('hours_015_2', 'rest_015', 2, '11:00', '21:00', false, '2023-05-22T10:00:00Z', '2024-01-01T10:00:00Z'),
('hours_015_3', 'rest_015', 3, '11:00', '21:00', false, '2023-05-22T10:00:00Z', '2024-01-01T10:00:00Z'),
('hours_015_4', 'rest_015', 4, '11:00', '22:00', false, '2023-05-22T10:00:00Z', '2024-01-01T10:00:00Z'),
('hours_015_5', 'rest_015', 5, '11:00', '22:00', false, '2023-05-22T10:00:00Z', '2024-01-01T10:00:00Z'),
('hours_015_6', 'rest_015', 6, '11:00', '22:00', false, '2023-05-22T10:00:00Z', '2024-01-01T10:00:00Z'),
('hours_016_0', 'rest_016', 0, '11:30', '21:30', false, '2023-06-30T10:00:00Z', '2024-01-01T10:00:00Z'),
('hours_016_1', 'rest_016', 1, '11:30', '21:30', false, '2023-06-30T10:00:00Z', '2024-01-01T10:00:00Z'),
('hours_016_2', 'rest_016', 2, '11:30', '21:30', false, '2023-06-30T10:00:00Z', '2024-01-01T10:00:00Z'),
('hours_016_3', 'rest_016', 3, '11:30', '21:30', false, '2023-06-30T10:00:00Z', '2024-01-01T10:00:00Z'),
('hours_016_4', 'rest_016', 4, '11:30', '22:00', false, '2023-06-30T10:00:00Z', '2024-01-01T10:00:00Z'),
('hours_016_5', 'rest_016', 5, '11:30', '22:00', false, '2023-06-30T10:00:00Z', '2024-01-01T10:00:00Z'),
('hours_016_6', 'rest_016', 6, '11:30', '22:00', false, '2023-06-30T10:00:00Z', '2024-01-01T10:00:00Z'),
('hours_017_0', 'rest_017', 0, NULL, NULL, true, '2023-07-15T10:00:00Z', '2024-01-01T10:00:00Z'),
('hours_017_1', 'rest_017', 1, '17:00', '21:00', false, '2023-07-15T10:00:00Z', '2024-01-01T10:00:00Z'),
('hours_017_2', 'rest_017', 2, '17:00', '21:00', false, '2023-07-15T10:00:00Z', '2024-01-01T10:00:00Z'),
('hours_017_3', 'rest_017', 3, '17:00', '21:00', false, '2023-07-15T10:00:00Z', '2024-01-01T10:00:00Z'),
('hours_017_4', 'rest_017', 4, '17:00', '22:00', false, '2023-07-15T10:00:00Z', '2024-01-01T10:00:00Z'),
('hours_017_5', 'rest_017', 5, '17:00', '22:00', false, '2023-07-15T10:00:00Z', '2024-01-01T10:00:00Z'),
('hours_017_6', 'rest_017', 6, '10:00', '14:00', false, '2023-07-15T10:00:00Z', '2024-01-01T10:00:00Z'),
('hours_018_0', 'rest_018', 0, '11:00', '22:00', false, '2023-08-20T10:00:00Z', '2024-01-01T10:00:00Z'),
('hours_018_1', 'rest_018', 1, '11:00', '22:00', false, '2023-08-20T10:00:00Z', '2024-01-01T10:00:00Z'),
('hours_018_2', 'rest_018', 2, '11:00', '22:00', false, '2023-08-20T10:00:00Z', '2024-01-01T10:00:00Z'),
('hours_018_3', 'rest_018', 3, '11:00', '22:00', false, '2023-08-20T10:00:00Z', '2024-01-01T10:00:00Z'),
('hours_018_4', 'rest_018', 4, '11:00', '23:00', false, '2023-08-20T10:00:00Z', '2024-01-01T10:00:00Z'),
('hours_018_5', 'rest_018', 5, '11:00', '23:00', false, '2023-08-20T10:00:00Z', '2024-01-01T10:00:00Z'),
('hours_018_6', 'rest_018', 6, '11:00', '23:00', false, '2023-08-20T10:00:00Z', '2024-01-01T10:00:00Z'),
('hours_019_0', 'rest_019', 0, '07:00', '15:00', false, '2023-09-10T10:00:00Z', '2024-01-01T10:00:00Z'),
('hours_019_1', 'rest_019', 1, '07:00', '15:00', false, '2023-09-10T10:00:00Z', '2024-01-01T10:00:00Z'),
('hours_019_2', 'rest_019', 2, '07:00', '15:00', false, '2023-09-10T10:00:00Z', '2024-01-01T10:00:00Z'),
('hours_019_3', 'rest_019', 3, '07:00', '15:00', false, '2023-09-10T10:00:00Z', '2024-01-01T10:00:00Z'),
('hours_019_4', 'rest_019', 4, '07:00', '15:00', false, '2023-09-10T10:00:00Z', '2024-01-01T10:00:00Z'),
('hours_019_5', 'rest_019', 5, '07:00', '15:00', false, '2023-09-10T10:00:00Z', '2024-01-01T10:00:00Z'),
('hours_019_6', 'rest_019', 6, '07:00', '15:00', false, '2023-09-10T10:00:00Z', '2024-01-01T10:00:00Z'),
('hours_020_0', 'rest_020', 0, '11:00', '21:00', false, '2023-10-05T10:00:00Z', '2024-01-01T10:00:00Z'),
('hours_020_1', 'rest_020', 1, '11:00', '21:00', false, '2023-10-05T10:00:00Z', '2024-01-01T10:00:00Z'),
('hours_020_2', 'rest_020', 2, '11:00', '21:00', false, '2023-10-05T10:00:00Z', '2024-01-01T10:00:00Z'),
('hours_020_3', 'rest_020', 3, '11:00', '21:00', false, '2023-10-05T10:00:00Z', '2024-01-01T10:00:00Z'),
('hours_020_4', 'rest_020', 4, '11:00', '22:00', false, '2023-10-05T10:00:00Z', '2024-01-01T10:00:00Z'),
('hours_020_5', 'rest_020', 5, '11:00', '22:00', false, '2023-10-05T10:00:00Z', '2024-01-01T10:00:00Z'),
('hours_020_6', 'rest_020', 6, '11:00', '22:00', false, '2023-10-05T10:00:00Z', '2024-01-01T10:00:00Z');

-- Insert Restaurant Photos (50 photos across restaurants)
INSERT INTO restaurant_photos (photo_id, restaurant_id, photo_url, caption, display_order, uploaded_by_user_id, created_at) VALUES
('photo_001', 'rest_001', 'https://picsum.photos/seed/restphoto001/800/600', 'Handmade tagliatelle with truffle sauce', 0, NULL, '2023-01-20T10:00:00Z'),
('photo_002', 'rest_001', 'https://picsum.photos/seed/restphoto002/800/600', 'Wood-fired Margherita pizza', 1, NULL, '2023-01-20T10:00:00Z'),
('photo_003', 'rest_001', 'https://picsum.photos/seed/restphoto003/800/600', 'Cozy dining room with Italian decor', 2, 'user_001', '2023-02-15T14:00:00Z'),
('photo_004', 'rest_002', 'https://picsum.photos/seed/restphoto004/800/600', 'Butter chicken with garlic naan', 0, NULL, '2023-02-25T10:00:00Z'),
('photo_005', 'rest_002', 'https://picsum.photos/seed/restphoto005/800/600', 'Tandoori platter with mixed vegetables', 1, 'user_002', '2023-03-10T16:00:00Z'),
('photo_006', 'rest_003', 'https://picsum.photos/seed/restphoto006/800/600', 'Chef''s special omakase presentation', 0, NULL, '2023-03-15T10:00:00Z'),
('photo_007', 'rest_003', 'https://picsum.photos/seed/restphoto007/800/600', 'Fresh sashimi selection', 1, NULL, '2023-03-15T10:00:00Z'),
('photo_008', 'rest_003', 'https://picsum.photos/seed/restphoto008/800/600', 'Elegant sushi bar seating', 2, 'user_003', '2023-04-01T18:00:00Z'),
('photo_009', 'rest_004', 'https://picsum.photos/seed/restphoto009/800/600', 'Rainbow smoothie bowl', 0, NULL, '2023-04-10T10:00:00Z'),
('photo_010', 'rest_004', 'https://picsum.photos/seed/restphoto010/800/600', 'Vegan Buddha bowl with tahini dressing', 1, 'user_005', '2023-04-20T12:00:00Z'),
('photo_011', 'rest_005', 'https://picsum.photos/seed/restphoto011/800/600', 'The Signature burger with truffle fries', 0, NULL, '2023-05-01T10:00:00Z'),
('photo_012', 'rest_005', 'https://picsum.photos/seed/restphoto012/800/600', 'BBQ bacon cheeseburger', 1, 'user_004', '2023-05-15T19:00:00Z'),
('photo_013', 'rest_006', 'https://picsum.photos/seed/restphoto013/800/600', 'Kung Pao chicken with vegetables', 0, NULL, '2023-05-20T10:00:00Z'),
('photo_014', 'rest_006', 'https://picsum.photos/seed/restphoto014/800/600', 'Hand-pulled noodles', 1, 'user_006', '2023-06-01T13:00:00Z'),
('photo_015', 'rest_007', 'https://picsum.photos/seed/restphoto015/800/600', 'Tableside guacamole preparation', 0, NULL, '2023-06-10T10:00:00Z'),
('photo_016', 'rest_007', 'https://picsum.photos/seed/restphoto016/800/600', 'Sizzling fajita platter', 1, NULL, '2023-06-10T10:00:00Z'),
('photo_017', 'rest_007', 'https://picsum.photos/seed/restphoto017/800/600', 'Colorful margarita selection', 2, 'user_007', '2023-06-25T20:00:00Z'),
('photo_018', 'rest_008', 'https://picsum.photos/seed/restphoto018/800/600', 'Mediterranean mezze platter', 0, NULL, '2023-07-01T10:00:00Z'),
('photo_019', 'rest_008', 'https://picsum.photos/seed/restphoto019/800/600', 'Grilled lamb kebabs', 1, 'user_008', '2023-07-15T17:00:00Z'),
('photo_020', 'rest_009', 'https://picsum.photos/seed/restphoto020/800/600', 'Korean BBQ grill setup', 0, NULL, '2023-07-20T10:00:00Z'),
('photo_021', 'rest_009', 'https://picsum.photos/seed/restphoto021/800/600', 'Crispy Korean fried chicken', 1, 'user_009', '2023-08-01T18:00:00Z'),
('photo_022', 'rest_010', 'https://picsum.photos/seed/restphoto022/800/600', 'Coq au vin with seasonal vegetables', 0, NULL, '2023-08-10T10:00:00Z'),
('photo_023', 'rest_010', 'https://picsum.photos/seed/restphoto023/800/600', 'Romantic dining room ambiance', 1, 'user_010', '2023-08-25T19:30:00Z'),
('photo_024', 'rest_011', 'https://picsum.photos/seed/restphoto024/800/600', 'Customizable pad thai bowl', 0, NULL, '2023-09-01T10:00:00Z'),
('photo_025', 'rest_011', 'https://picsum.photos/seed/restphoto025/800/600', 'Green curry with jasmine rice', 1, 'user_011', '2023-09-10T12:00:00Z'),
('photo_026', 'rest_012', 'https://picsum.photos/seed/restphoto026/800/600', 'Dry-aged ribeye steak', 0, NULL, '2023-09-15T10:00:00Z'),
('photo_027', 'rest_012', 'https://picsum.photos/seed/restphoto027/800/600', 'Premium wine selection', 1, NULL, '2023-09-15T10:00:00Z'),
('photo_028', 'rest_013', 'https://picsum.photos/seed/restphoto028/800/600', 'Ahi tuna poke bowl', 0, NULL, '2023-10-01T10:00:00Z'),
('photo_029', 'rest_013', 'https://picsum.photos/seed/restphoto029/800/600', 'Custom poke bowl toppings', 1, 'user_012', '2023-10-10T13:00:00Z'),
('photo_030', 'rest_014', 'https://picsum.photos/seed/restphoto030/800/600', 'Traditional Ethiopian platter', 0, NULL, '2023-10-15T10:00:00Z'),
('photo_031', 'rest_014', 'https://picsum.photos/seed/restphoto031/800/600', 'Injera bread with various stews', 1, 'user_013', '2023-10-25T18:00:00Z'),
('photo_032', 'rest_015', 'https://picsum.photos/seed/restphoto032/800/600', 'Smoked brisket platter', 0, NULL, '2023-11-01T10:00:00Z'),
('photo_033', 'rest_015', 'https://picsum.photos/seed/restphoto033/800/600', 'BBQ ribs with cornbread', 1, 'user_014', '2023-11-10T17:00:00Z'),
('photo_034', 'rest_016', 'https://picsum.photos/seed/restphoto034/800/600', 'Tonkotsu ramen with chashu pork', 0, NULL, '2023-11-15T10:00:00Z'),
('photo_035', 'rest_016', 'https://picsum.photos/seed/restphoto035/800/600', 'Spicy miso ramen', 1, 'user_015', '2023-11-20T19:00:00Z'),
('photo_036', 'rest_017', 'https://picsum.photos/seed/restphoto036/800/600', 'Farm-fresh seasonal vegetables', 0, NULL, '2023-11-25T10:00:00Z'),
('photo_037', 'rest_017', 'https://picsum.photos/seed/restphoto037/800/600', 'Chef''s tasting menu presentation', 1, 'user_001', '2023-12-01T20:00:00Z'),
('photo_038', 'rest_018', 'https://picsum.photos/seed/restphoto038/800/600', 'Classic Margherita pizza', 0, NULL, '2023-12-05T10:00:00Z'),
('photo_039', 'rest_018', 'https://picsum.photos/seed/restphoto039/800/600', 'Wood-fired pizza oven', 1, 'user_002', '2023-12-10T18:00:00Z'),
('photo_040', 'rest_019', 'https://picsum.photos/seed/restphoto040/800/600', 'Fluffy pancake stack', 0, NULL, '2023-12-15T10:00:00Z'),
('photo_041', 'rest_019', 'https://picsum.photos/seed/restphoto041/800/600', 'Eggs Benedict with hollandaise', 1, 'user_003', '2023-12-20T09:00:00Z'),
('photo_042', 'rest_020', 'https://picsum.photos/seed/restphoto042/800/600', 'Fresh oyster platter', 0, NULL, '2023-12-22T10:00:00Z'),
('photo_043', 'rest_020', 'https://picsum.photos/seed/restphoto043/800/600', 'Lobster roll with fries', 1, 'user_004', '2023-12-28T13:00:00Z'),
('photo_044', 'rest_001', 'https://picsum.photos/seed/restphoto044/800/600', 'Tiramisu dessert', 3, 'user_005', '2024-01-03T15:00:00Z'),
('photo_045', 'rest_003', 'https://picsum.photos/seed/restphoto045/800/600', 'Sushi roll variety platter', 3, 'user_006', '2024-01-05T14:00:00Z'),
('photo_046', 'rest_007', 'https://picsum.photos/seed/restphoto046/800/600', 'Churros with chocolate sauce', 3, 'user_007', '2024-01-06T20:00:00Z'),
('photo_047', 'rest_010', 'https://picsum.photos/seed/restphoto047/800/600', 'Crme brle dessert', 2, 'user_008', '2024-01-07T21:00:00Z'),
('photo_048', 'rest_012', 'https://picsum.photos/seed/restphoto048/800/600', 'Elegant dining room', 2, NULL, '2024-01-08T10:00:00Z'),
('photo_049', 'rest_017', 'https://picsum.photos/seed/restphoto049/800/600', 'Outdoor garden seating', 2, 'user_009', '2024-01-09T16:00:00Z'),
('photo_050', 'rest_020', 'https://picsum.photos/seed/restphoto050/800/600', 'Clam chowder bread bowl', 2, 'user_010', '2024-01-10T12:00:00Z');

-- Insert Menu Categories (60 categories across restaurants)
INSERT INTO menu_categories (category_id, restaurant_id, category_name, display_order, created_at, updated_at) VALUES
-- Bella Italia Trattoria
('cat_001', 'rest_001', 'Antipasti', 0, '2022-03-15T10:00:00Z', '2024-01-01T10:00:00Z'),
('cat_002', 'rest_001', 'Pasta', 1, '2022-03-15T10:00:00Z', '2024-01-01T10:00:00Z'),
('cat_003', 'rest_001', 'Pizza', 2, '2022-03-15T10:00:00Z', '2024-01-01T10:00:00Z'),
-- Spice Route Indian Kitchen
('cat_004', 'rest_002', 'Appetizers', 0, '2022-04-20T10:00:00Z', '2024-01-01T10:00:00Z'),
('cat_005', 'rest_002', 'Curry Entrees', 1, '2022-04-20T10:00:00Z', '2024-01-01T10:00:00Z'),
('cat_006', 'rest_002', 'Tandoori Specialties', 2, '2022-04-20T10:00:00Z', '2024-01-01T10:00:00Z'),
-- Tokyo Sushi Bar
('cat_007', 'rest_003', 'Sashimi', 0, '2022-05-10T10:00:00Z', '2024-01-01T10:00:00Z'),
('cat_008', 'rest_003', 'Nigiri', 1, '2022-05-10T10:00:00Z', '2024-01-01T10:00:00Z'),
('cat_009', 'rest_003', 'Specialty Rolls', 2, '2022-05-10T10:00:00Z', '2024-01-01T10:00:00Z'),
-- Green Leaf Vegan Cafe
('cat_010', 'rest_004', 'Smoothie Bowls', 0, '2022-06-01T10:00:00Z', '2024-01-01T10:00:00Z'),
('cat_011', 'rest_004', 'Vegan Entrees', 1, '2022-06-01T10:00:00Z', '2024-01-01T10:00:00Z'),
('cat_012', 'rest_004', 'Beverages', 2, '2022-06-01T10:00:00Z', '2024-01-01T10:00:00Z'),
-- The Burger Joint
('cat_013', 'rest_005', 'Burgers', 0, '2022-07-15T10:00:00Z', '2024-01-01T10:00:00Z'),
('cat_014', 'rest_005', 'Sides', 1, '2022-07-15T10:00:00Z', '2024-01-01T10:00:00Z'),
('cat_015', 'rest_005', 'Milkshakes', 2, '2022-07-15T10:00:00Z', '2024-01-01T10:00:00Z'),
-- Dragon Wok
('cat_016', 'rest_006', 'Dim Sum', 0, '2022-08-20T10:00:00Z', '2024-01-01T10:00:00Z'),
('cat_017', 'rest_006', 'Noodles & Rice', 1, '2022-08-20T10:00:00Z', '2024-01-01T10:00:00Z'),
('cat_018', 'rest_006', 'Entrees', 2, '2022-08-20T10:00:00Z', '2024-01-01T10:00:00Z'),
-- La Plaza Mexicana
('cat_019', 'rest_007', 'Tacos', 0, '2022-09-05T10:00:00Z', '2024-01-01T10:00:00Z'),
('cat_020', 'rest_007', 'Burritos & Bowls', 1, '2022-09-05T10:00:00Z', '2024-01-01T10:00:00Z'),
('cat_021', 'rest_007', 'Specialties', 2, '2022-09-05T10:00:00Z', '2024-01-01T10:00:00Z'),
-- Mediterranean Breeze
('cat_022', 'rest_008', 'Mezze', 0, '2022-10-12T10:00:00Z', '2024-01-01T10:00:00Z'),
('cat_023', 'rest_008', 'Grilled Items', 1, '2022-10-12T10:00:00Z', '2024-01-01T10:00:00Z'),
('cat_024', 'rest_008', 'Wraps & Pitas', 2, '2022-10-12T10:00:00Z', '2024-01-01T10:00:00Z'),
-- Seoul Kitchen
('cat_025', 'rest_009', 'Korean BBQ', 0, '2022-11-18T10:00:00Z', '2024-01-01T10:00:00Z'),
('cat_026', 'rest_009', 'Traditional Dishes', 1, '2022-11-18T10:00:00Z', '2024-01-01T10:00:00Z'),
('cat_027', 'rest_009', 'Fried Chicken', 2, '2022-11-18T10:00:00Z', '2024-01-01T10:00:00Z'),
-- Paris Bistro
('cat_028', 'rest_010', 'Appetizers', 0, '2022-12-01T10:00:00Z', '2024-01-01T10:00:00Z'),
('cat_029', 'rest_010', 'Main Courses', 1, '2022-12-01T10:00:00Z', '2024-01-01T10:00:00Z'),
('cat_030', 'rest_010', 'Desserts', 2, '2022-12-01T10:00:00Z', '2024-01-01T10:00:00Z'),
-- Thai Basil Express
('cat_031', 'rest_011', 'Curry Bowls', 0, '2023-01-10T10:00:00Z', '2024-01-01T10:00:00Z'),
('cat_032', 'rest_011', 'Noodle Dishes', 1, '2023-01-10T10:00:00Z', '2024-01-01T10:00:00Z'),
('cat_033', 'rest_011', 'Fried Rice', 2, '2023-01-10T10:00:00Z', '2024-01-01T10:00:00Z'),
-- Steakhouse 1889
('cat_034', 'rest_012', 'Steaks', 0, '2023-02-14T10:00:00Z', '2024-01-01T10:00:00Z'),
('cat_035', 'rest_012', 'Seafood', 1, '2023-02-14T10:00:00Z', '2024-01-01T10:00:00Z'),
('cat_036', 'rest_012', 'Sides', 2, '2023-02-14T10:00:00Z', '2024-01-01T10:00:00Z'),
-- Poke Paradise
('cat_037', 'rest_013', 'Signature Bowls', 0, '2023-03-20T10:00:00Z', '2024-01-01T10:00:00Z'),
('cat_038', 'rest_013', 'Build Your Own', 1, '2023-03-20T10:00:00Z', '2024-01-01T10:00:00Z'),
('cat_039', 'rest_013', 'Sides & Drinks', 2, '2023-03-20T10:00:00Z', '2024-01-01T10:00:00Z'),
-- Little Ethiopia
('cat_040', 'rest_014', 'Meat Dishes', 0, '2023-04-15T10:00:00Z', '2024-01-01T10:00:00Z'),
('cat_041', 'rest_014', 'Vegetarian', 1, '2023-04-15T10:00:00Z', '2024-01-01T10:00:00Z'),
('cat_042', 'rest_014', 'Combination Platters', 2, '2023-04-15T10:00:00Z', '2024-01-01T10:00:00Z'),
-- BBQ Heaven
('cat_043', 'rest_015', 'Smoked Meats', 0, '2023-05-22T10:00:00Z', '2024-01-01T10:00:00Z'),
('cat_044', 'rest_015', 'Platters', 1, '2023-05-22T10:00:00Z', '2024-01-01T10:00:00Z'),
('cat_045', 'rest_015', 'Sides', 2, '2023-05-22T10:00:00Z', '2024-01-01T10:00:00Z'),
-- Ramen House
('cat_046', 'rest_016', 'Ramen', 0, '2023-06-30T10:00:00Z', '2024-01-01T10:00:00Z'),
('cat_047', 'rest_016', 'Appetizers', 1, '2023-06-30T10:00:00Z', '2024-01-01T10:00:00Z'),
('cat_048', 'rest_016', 'Rice Bowls', 2, '2023-06-30T10:00:00Z', '2024-01-01T10:00:00Z'),
-- Farm to Table Kitchen
('cat_049', 'rest_017', 'Seasonal Starters', 0, '2023-07-15T10:00:00Z', '2024-01-01T10:00:00Z'),
('cat_050', 'rest_017', 'Main Courses', 1, '2023-07-15T10:00:00Z', '2024-01-01T10:00:00Z'),
('cat_051', 'rest_017', 'Desserts', 2, '2023-07-15T10:00:00Z', '2024-01-01T10:00:00Z'),
-- Pizza Napoli
('cat_052', 'rest_018', 'Classic Pizzas', 0, '2023-08-20T10:00:00Z', '2024-01-01T10:00:00Z'),
('cat_053', 'rest_018', 'Specialty Pizzas', 1, '2023-08-20T10:00:00Z', '2024-01-01T10:00:00Z'),
('cat_054', 'rest_018', 'Calzones', 2, '2023-08-20T10:00:00Z', '2024-01-01T10:00:00Z'),
-- The Breakfast Club
('cat_055', 'rest_019', 'Pancakes & Waffles', 0, '2023-09-10T10:00:00Z', '2024-01-01T10:00:00Z'),
('cat_056', 'rest_019', 'Eggs & Omelettes', 1, '2023-09-10T10:00:00Z', '2024-01-01T10:00:00Z'),
('cat_057', 'rest_019', 'Benedicts', 2, '2023-09-10T10:00:00Z', '2024-01-01T10:00:00Z'),
-- Seafood Shack
('cat_058', 'rest_020', 'Raw Bar', 0, '2023-10-05T10:00:00Z', '2024-01-01T10:00:00Z'),
('cat_059', 'rest_020', 'Entrees', 1, '2023-10-05T10:00:00Z', '2024-01-01T10:00:00Z'),
('cat_060', 'rest_020', 'Sandwiches', 2, '2023-10-05T10:00:00Z', '2024-01-01T10:00:00Z');

-- Insert Menu Items (150 items)
INSERT INTO menu_items (menu_item_id, restaurant_id, category_id, item_name, description, base_price, item_photo_url, dietary_preferences, allergen_info, spice_level, is_popular, is_available, display_order, created_at, updated_at) VALUES
-- Bella Italia Trattoria
('item_001', 'rest_001', 'cat_001', 'Bruschetta Classica', 'Toasted bread with fresh tomatoes, basil, and extra virgin olive oil', 8.99, 'https://picsum.photos/seed/item001/400/300', '["Vegetarian"]', '["Gluten", "Dairy"]', 0, true, true, 0, '2022-03-15T10:00:00Z', '2024-01-01T10:00:00Z'),
('item_002', 'rest_001', 'cat_002', 'Spaghetti Carbonara', 'Classic Roman pasta with pancetta, eggs, and pecorino cheese', 16.99, 'https://picsum.photos/seed/item002/400/300', '[]', '["Gluten", "Dairy", "Eggs", "Pork"]', 0, true, true, 0, '2022-03-15T10:00:00Z', '2024-01-01T10:00:00Z'),
('item_003', 'rest_001', 'cat_002', 'Fettuccine Alfredo', 'Creamy parmesan sauce with handmade fettuccine', 15.99, 'https://picsum.photos/seed/item003/400/300', '["Vegetarian"]', '["Gluten", "Dairy"]', 0, false, true, 1, '2022-03-15T10:00:00Z', '2024-01-01T10:00:00Z'),
('item_004', 'rest_001', 'cat_003', 'Margherita Pizza', 'San Marzano tomatoes, fresh mozzarella, and basil', 14.99, 'https://picsum.photos/seed/item004/400/300', '["Vegetarian"]', '["Gluten", "Dairy"]', 0, true, true, 0, '2022-03-15T10:00:00Z', '2024-01-01T10:00:00Z'),
('item_005', 'rest_001', 'cat_003', 'Quattro Formaggi', 'Four cheese pizza with gorgonzola, mozzarella, parmesan, and fontina', 17.99, 'https://picsum.photos/seed/item005/400/300', '["Vegetarian"]', '["Gluten", "Dairy"]', 0, false, true, 1, '2022-03-15T10:00:00Z', '2024-01-01T10:00:00Z'),
-- Spice Route Indian Kitchen
('item_006', 'rest_002', 'cat_004', 'Samosa', 'Crispy pastry filled with spiced potatoes and peas', 6.99, 'https://picsum.photos/seed/item006/400/300', '["Vegetarian", "Vegan"]', '["Gluten"]', 1, true, true, 0, '2022-04-20T10:00:00Z', '2024-01-01T10:00:00Z'),
('item_007', 'rest_002', 'cat_005', 'Butter Chicken', 'Tender chicken in creamy tomato sauce with aromatic spices', 17.99, 'https://picsum.photos/seed/item007/400/300', '[]', '["Dairy"]', 1, true, true, 0, '2022-04-20T10:00:00Z', '2024-01-01T10:00:00Z'),
('item_008', 'rest_002', 'cat_005', 'Palak Paneer', 'Spinach curry with cottage cheese cubes', 15.99, 'https://picsum.photos/seed/item008/400/300', '["Vegetarian"]', '["Dairy"]', 1, true, true, 1, '2022-04-20T10:00:00Z', '2024-01-01T10:00:00Z'),
('item_009', 'rest_002', 'cat_006', 'Tandoori Chicken', 'Marinated chicken cooked in clay oven', 18.99, 'https://picsum.photos/seed/item009/400/300', '[]', '["Dairy"]', 2, true, true, 0, '2022-04-20T10:00:00Z', '2024-01-01T10:00:00Z'),
('item_010', 'rest_002', 'cat_006', 'Paneer Tikka', 'Grilled cottage cheese with bell peppers and onions', 16.99, 'https://picsum.photos/seed/item010/400/300', '["Vegetarian"]', '["Dairy"]', 1, false, true, 1, '2022-04-20T10:00:00Z', '2024-01-01T10:00:00Z'),
-- Tokyo Sushi Bar
('item_011', 'rest_003', 'cat_007', 'Salmon Sashimi', 'Fresh Atlantic salmon, five pieces', 14.99, 'https://picsum.photos/seed/item011/400/300', '[]', '["Fish"]', 0, true, true, 0, '2022-05-10T10:00:00Z', '2024-01-01T10:00:00Z'),
('item_012', 'rest_003', 'cat_007', 'Tuna Sashimi', 'Premium bluefin tuna, five pieces', 18.99, 'https://picsum.photos/seed/item012/400/300', '[]', '["Fish"]', 0, true, true, 1, '2022-05-10T10:00:00Z', '2024-01-01T10:00:00Z'),
('item_013', 'rest_003', 'cat_008', 'Nigiri Sampler', 'Chef''s selection of eight pieces', 22.99, 'https://picsum.photos/seed/item013/400/300', '[]', '["Fish", "Shellfish"]', 0, true, true, 0, '2022-05-10T10:00:00Z', '2024-01-01T10:00:00Z'),
('item_014', 'rest_003', 'cat_009', 'Dragon Roll', 'Eel, cucumber, avocado with special sauce', 16.99, 'https://picsum.photos/seed/item014/400/300', '[]', '["Fish", "Gluten", "Soy"]', 0, true, true, 0, '2022-05-10T10:00:00Z', '2024-01-01T10:00:00Z'),
('item_015', 'rest_003', 'cat_009', 'Spicy Tuna Roll', 'Fresh tuna with spicy mayo and cucumber', 13.99, 'https://picsum.photos/seed/item015/400/300', '[]', '["Fish", "Eggs", "Gluten"]', 2, true, true, 1, '2022-05-10T10:00:00Z', '2024-01-01T10:00:00Z'),
-- Green Leaf Vegan Cafe
('item_016', 'rest_004', 'cat_010', 'Acai Bowl', 'Acai berry blend with granola, fresh fruits, and coconut', 11.99, 'https://picsum.photos/seed/item016/400/300', '["Vegan", "Gluten-Free"]', '["Nuts"]', 0, true, true, 0, '2022-06-01T10:00:00Z', '2024-01-01T10:00:00Z'),
('item_017', 'rest_004', 'cat_011', 'Buddha Bowl', 'Quinoa, roasted vegetables, chickpeas, and tahini dressing', 13.99, 'https://picsum.photos/seed/item017/400/300', '["Vegan", "Gluten-Free"]', '["Sesame"]', 0, true, true, 0, '2022-06-01T10:00:00Z', '2024-01-01T10:00:00Z'),
('item_018', 'rest_004', 'cat_011', 'Vegan Burger', 'Beyond meat patty with all the fixings', 14.99, 'https://picsum.photos/seed/item018/400/300', '["Vegan"]', '["Gluten", "Soy"]', 0, false, true, 1, '2022-06-01T10:00:00Z', '2024-01-01T10:00:00Z'),
('item_019', 'rest_004', 'cat_012', 'Green Smoothie', 'Kale, spinach, banana, mango, and almond milk', 7.99, 'https://picsum.photos/seed/item019/400/300', '["Vegan", "Gluten-Free"]', '["Nuts"]', 0, true, true, 0, '2022-06-01T10:00:00Z', '2024-01-01T10:00:00Z'),
('item_020', 'rest_004', 'cat_012', 'Golden Latte', 'Turmeric, ginger, and oat milk', 5.99, 'https://picsum.photos/seed/item020/400/300', '["Vegan", "Gluten-Free"]', '[]', 0, false, true, 1, '2022-06-01T10:00:00Z', '2024-01-01T10:00:00Z'),
-- The Burger Joint
('item_021', 'rest_005', 'cat_013', 'Classic Cheeseburger', 'Angus beef, cheddar, lettuce, tomato, onion, pickles', 12.99, 'https://picsum.photos/seed/item021/400/300', '[]', '["Gluten", "Dairy", "Eggs"]', 0, true, true, 0, '2022-07-15T10:00:00Z', '2024-01-01T10:00:00Z'),
('item_022', 'rest_005', 'cat_013', 'BBQ Bacon Burger', 'Angus beef, bacon, cheddar, BBQ sauce, onion rings', 15.99, 'https://picsum.photos/seed/item022/400/300', '[]', '["Gluten", "Dairy", "Eggs", "Pork"]', 0, true, true, 1, '2022-07-15T10:00:00Z', '2024-01-01T10:00:00Z'),
('item_023', 'rest_005', 'cat_013', 'Mushroom Swiss Burger', 'Angus beef, sauted mushrooms, swiss cheese, garlic aioli', 14.99, 'https://picsum.photos/seed/item023/400/300', '[]', '["Gluten", "Dairy", "Eggs"]', 0, false, true, 2, '2022-07-15T10:00:00Z', '2024-01-01T10:00:00Z'),
('item_024', 'rest_005', 'cat_014', 'Truffle Fries', 'Hand-cut fries with truffle oil and parmesan', 7.99, 'https://picsum.photos/seed/item024/400/300', '["Vegetarian"]', '["Dairy"]', 0, true, true, 0, '2022-07-15T10:00:00Z', '2024-01-01T10:00:00Z'),
('item_025', 'rest_005', 'cat_015', 'Chocolate Shake', 'Rich chocolate ice cream shake', 6.99, 'https://picsum.photos/seed/item025/400/300', '["Vegetarian"]', '["Dairy"]', 0, true, true, 0, '2022-07-15T10:00:00Z', '2024-01-01T10:00:00Z'),
-- Dragon Wok
('item_026', 'rest_006', 'cat_016', 'Pork Dumplings', 'Steamed or fried, six pieces', 8.99, 'https://picsum.photos/seed/item026/400/300', '[]', '["Gluten", "Pork", "Soy"]', 0, true, true, 0, '2022-08-20T10:00:00Z', '2024-01-01T10:00:00Z'),
('item_027', 'rest_006', 'cat_017', 'Lo Mein', 'Soft noodles with vegetables and choice of protein', 13.99, 'https://picsum.photos/seed/item027/400/300', '[]', '["Gluten", "Soy", "Eggs"]', 0, true, true, 0, '2022-08-20T10:00:00Z', '2024-01-01T10:00:00Z'),
('item_028', 'rest_006', 'cat_017', 'Fried Rice', 'Classic fried rice with eggs and vegetables', 11.99, 'https://picsum.photos/seed/item028/400/300', '[]', '["Eggs", "Soy"]', 0, false, true, 1, '2022-08-20T10:00:00Z', '2024-01-01T10:00:00Z'),
('item_029', 'rest_006', 'cat_018', 'Kung Pao Chicken', 'Spicy chicken with peanuts and vegetables', 15.99, 'https://picsum.photos/seed/item029/400/300', '[]', '["Peanuts", "Soy", "Gluten"]', 3, true, true, 0, '2022-08-20T10:00:00Z', '2024-01-01T10:00:00Z'),
('item_030', 'rest_006', 'cat_018', 'Sweet and Sour Pork', 'Crispy pork with bell peppers in sweet and sour sauce', 14.99, 'https://picsum.photos/seed/item030/400/300', '[]', '["Pork", "Gluten", "Soy"]', 0, false, true, 1, '2022-08-20T10:00:00Z', '2024-01-01T10:00:00Z'),
-- La Plaza Mexicana
('item_031', 'rest_007', 'cat_019', 'Carne Asada Tacos', 'Grilled steak tacos with onions, cilantro, and salsa verde', 13.99, 'https://picsum.photos/seed/item031/400/300', '[]', '["Gluten"]', 1, true, true, 0, '2022-09-05T10:00:00Z', '2024-01-01T10:00:00Z'),
('item_032', 'rest_007', 'cat_019', 'Fish Tacos', 'Battered fish with cabbage slaw and chipotle mayo', 14.99, 'https://picsum.photos/seed/item032/400/300', '[]', '["Fish", "Gluten", "Eggs"]', 1, true, true, 1, '2022-09-05T10:00:00Z', '2024-01-01T10:00:00Z'),
('item_033', 'rest_007', 'cat_020', 'Chicken Burrito', 'Grilled chicken, rice, beans, cheese, and salsa in flour tortilla', 12.99, 'https://picsum.photos/seed/item033/400/300', '[]', '["Gluten", "Dairy"]', 1, true, true, 0, '2022-09-05T10:00:00Z', '2024-01-01T10:00:00Z'),
('item_034', 'rest_007', 'cat_021', 'Enchiladas Suizas', 'Three enchiladas with green sauce and melted cheese', 15.99, 'https://picsum.photos/seed/item034/400/300', '[]', '["Gluten", "Dairy"]', 1, false, true, 0, '2022-09-05T10:00:00Z', '2024-01-01T10:00:00Z'),
('item_035', 'rest_007', 'cat_021', 'Mole Poblano', 'Chicken in traditional mole sauce with rice and beans', 17.99, 'https://picsum.photos/seed/item035/400/300', '[]', '["Nuts", "Gluten"]', 2, true, true, 1, '2022-09-05T10:00:00Z', '2024-01-01T10:00:00Z'),
-- Mediterranean Breeze
('item_036', 'rest_008', 'cat_022', 'Hummus Platter', 'House-made hummus with warm pita and vegetables', 9.99, 'https://picsum.photos/seed/item036/400/300', '["Vegan"]', '["Sesame", "Gluten"]', 0, true, true, 0, '2022-10-12T10:00:00Z', '2024-01-01T10:00:00Z'),
('item_037', 'rest_008', 'cat_022', 'Mezze Platter', 'Hummus, baba ganoush, falafel, tabbouleh, and pita', 16.99, 'https://picsum.photos/seed/item037/400/300', '["Vegetarian"]', '["Sesame", "Gluten"]', 0, true, true, 1, '2022-10-12T10:00:00Z', '2024-01-01T10:00:00Z'),
('item_038', 'rest_008', 'cat_023', 'Lamb Kebabs', 'Grilled lamb skewers with rice and salad', 19.99, 'https://picsum.photos/seed/item038/400/300', '[]', '[]', 0, true, true, 0, '2022-10-12T10:00:00Z', '2024-01-01T10:00:00Z'),
('item_039', 'rest_008', 'cat_023', 'Chicken Shawarma Plate', 'Marinated chicken with rice, salad, and tahini', 16.99, 'https://picsum.photos/seed/item039/400/300', '[]', '["Sesame"]', 0, true, true, 1, '2022-10-12T10:00:00Z', '2024-01-01T10:00:00Z'),
('item_040', 'rest_008', 'cat_024', 'Falafel Wrap', 'Crispy falafel with hummus and vegetables in pita', 11.99, 'https://picsum.photos/seed/item040/400/300', '["Vegan"]', '["Gluten", "Sesame"]', 0, false, true, 0, '2022-10-12T10:00:00Z', '2024-01-01T10:00:00Z'),
-- Seoul Kitchen
('item_041', 'rest_009', 'cat_025', 'Galbi (Short Ribs)', 'Marinated beef short ribs for grilling', 24.99, 'https://picsum.photos/seed/item041/400/300', '[]', '["Soy", "Gluten"]', 1, true, true, 0, '2022-11-18T10:00:00Z', '2024-01-01T10:00:00Z'),
('item_042', 'rest_009', 'cat_025', 'Pork Belly', 'Sliced pork belly for grilling', 18.99, 'https://picsum.photos/seed/item042/400/300', '[]', '["Pork"]', 0, true, true, 1, '2022-11-18T10:00:00Z', '2024-01-01T10:00:00Z'),
('item_043', 'rest_009', 'cat_026', 'Bibimbap', 'Rice bowl with vegetables, egg, and gochujang', 14.99, 'https://picsum.photos/seed/item043/400/300', '[]', '["Eggs", "Soy", "Sesame"]', 2, true, true, 0, '2022-11-18T10:00:00Z', '2024-01-01T10:00:00Z'),
('item_044', 'rest_009', 'cat_026', 'Kimchi Jjigae', 'Spicy kimchi stew with pork and tofu', 13.99, 'https://picsum.photos/seed/item044/400/300', '[]', '["Pork", "Soy", "Shellfish"]', 3, false, true, 1, '2022-11-18T10:00:00Z', '2024-01-01T10:00:00Z'),
('item_045', 'rest_009', 'cat_027', 'Korean Fried Chicken', 'Double-fried crispy chicken with sweet chili sauce', 16.99, 'https://picsum.photos/seed/item045/400/300', '[]', '["Gluten", "Soy"]', 2, true, true, 0, '2022-11-18T10:00:00Z', '2024-01-01T10:00:00Z'),
-- Paris Bistro
('item_046', 'rest_010', 'cat_028', 'French Onion Soup', 'Classic soup with caramelized onions and gruyere', 10.99, 'https://picsum.photos/seed/item046/400/300', '["Vegetarian"]', '["Gluten", "Dairy"]', 0, true, true, 0, '2022-12-01T10:00:00Z', '2024-01-01T10:00:00Z'),
('item_047', 'rest_010', 'cat_029', 'Coq au Vin', 'Braised chicken in red wine sauce', 26.99, 'https://picsum.photos/seed/item047/400/300', '[]', '["Gluten"]', 0, true, true, 0, '2022-12-01T10:00:00Z', '2024-01-01T10:00:00Z'),
('item_048', 'rest_010', 'cat_029', 'Duck Confit', 'Slow-cooked duck leg with potatoes', 28.99, 'https://picsum.photos/seed/item048/400/300', '[]', '[]', 0, true, true, 1, '2022-12-01T10:00:00Z', '2024-01-01T10:00:00Z'),
('item_049', 'rest_010', 'cat_029', 'Steak Frites', 'Ribeye steak with french fries and barnaise', 32.99, 'https://picsum.photos/seed/item049/400/300', '[]', '["Dairy", "Eggs"]', 0, true, true, 2, '2022-12-01T10:00:00Z', '2024-01-01T10:00:00Z'),
('item_050', 'rest_010', 'cat_030', 'Crme Brle', 'Classic French custard with caramelized sugar', 8.99, 'https://picsum.photos/seed/item050/400/300', '["Vegetarian"]', '["Dairy", "Eggs"]', 0, true, true, 0, '2022-12-01T10:00:00Z', '2024-01-01T10:00:00Z'),
-- Continue with remaining restaurants (Thai Basil through Seafood Shack - items 051-150)
('item_051', 'rest_011', 'cat_031', 'Green Curry', 'Coconut curry with bamboo shoots and basil', 12.99, 'https://picsum.photos/seed/item051/400/300', '[]', '["Shellfish"]', 2, true, true, 0, '2023-01-10T10:00:00Z', '2024-01-01T10:00:00Z'),
('item_052', 'rest_011', 'cat_031', 'Massaman Curry', 'Rich peanut curry with potatoes', 13.99, 'https://picsum.photos/seed/item052/400/300', '[]', '["Peanuts", "Shellfish"]', 1, true, true, 1, '2023-01-10T10:00:00Z', '2024-01-01T10:00:00Z'),
('item_053', 'rest_011', 'cat_032', 'Pad Thai', 'Rice noodles with tamarind sauce, peanuts, and lime', 11.99, 'https://picsum.photos/seed/item053/400/300', '[]', '["Peanuts", "Eggs", "Shellfish"]', 1, true, true, 0, '2023-01-10T10:00:00Z', '2024-01-01T10:00:00Z'),
('item_054', 'rest_011', 'cat_032', 'Drunken Noodles', 'Wide rice noodles with basil and chili', 12.99, 'https://picsum.photos/seed/item054/400/300', '[]', '["Soy", "Shellfish"]', 3, true, true, 1, '2023-01-10T10:00:00Z', '2024-01-01T10:00:00Z'),
('item_055', 'rest_011', 'cat_033', 'Pineapple Fried Rice', 'Fried rice with pineapple, cashews, and raisins', 13.99, 'https://picsum.photos/seed/item055/400/300', '[]', '["Nuts", "Eggs", "Shellfish"]', 0, false, true, 0, '2023-01-10T10:00:00Z', '2024-01-01T10:00:00Z'),
('item_056', 'rest_012', 'cat_034', 'Ribeye Steak - 16oz', 'USDA Prime dry-aged ribeye', 48.99, 'https://picsum.photos/seed/item056/400/300', '[]', '[]', 0, true, true, 0, '2023-02-14T10:00:00Z', '2024-01-01T10:00:00Z'),
('item_057', 'rest_012', 'cat_034', 'Filet Mignon - 8oz', 'Center-cut tenderloin', 42.99, 'https://picsum.photos/seed/item057/400/300', '[]', '[]', 0, true, true, 1, '2023-02-14T10:00:00Z', '2024-01-01T10:00:00Z'),
('item_058', 'rest_012', 'cat_035', 'Lobster Tail', 'Maine lobster tail with drawn butter', 38.99, 'https://picsum.photos/seed/item058/400/300', '[]', '["Shellfish", "Dairy"]', 0, true, true, 0, '2023-02-14T10:00:00Z', '2024-01-01T10:00:00Z'),
('item_059', 'rest_012', 'cat_036', 'Truffle Mac & Cheese', 'Creamy four-cheese mac with truffle oil', 14.99, 'https://picsum.photos/seed/item059/400/300', '["Vegetarian"]', '["Gluten", "Dairy"]', 0, true, true, 0, '2023-02-14T10:00:00Z', '2024-01-01T10:00:00Z'),
('item_060', 'rest_012', 'cat_036', 'Creamed Spinach', 'Classic steakhouse creamed spinach', 9.99, 'https://picsum.photos/seed/item060/400/300', '["Vegetarian"]', '["Dairy"]', 0, false, true, 1, '2023-02-14T10:00:00Z', '2024-01-01T10:00:00Z'),
('item_061', 'rest_013', 'cat_037', 'Ahi Tuna Poke Bowl', 'Sushi-grade ahi tuna with soy-ginger marinade', 14.99, 'https://picsum.photos/seed/item061/400/300', '[]', '["Fish", "Soy", "Sesame"]', 0, true, true, 0, '2023-03-20T10:00:00Z', '2024-01-01T10:00:00Z'),
('item_062', 'rest_013', 'cat_037', 'Spicy Salmon Bowl', 'Fresh salmon with spicy mayo and cucumber', 13.99, 'https://picsum.photos/seed/item062/400/300', '[]', '["Fish", "Eggs", "Soy"]', 2, true, true, 1, '2023-03-20T10:00:00Z', '2024-01-01T10:00:00Z'),
('item_063', 'rest_013', 'cat_038', 'Build Your Own Bowl', 'Choose your base, protein, toppings, and sauce', 12.99, 'https://picsum.photos/seed/item063/400/300', '[]', '["Fish", "Shellfish"]', 0, true, true, 0, '2023-03-20T10:00:00Z', '2024-01-01T10:00:00Z'),
('item_064', 'rest_013', 'cat_039', 'Seaweed Salad', 'Seasoned seaweed with sesame', 5.99, 'https://picsum.photos/seed/item064/400/300', '["Vegan"]', '["Sesame", "Soy"]', 0, false, true, 0, '2023-03-20T10:00:00Z', '2024-01-01T10:00:00Z'),
('item_065', 'rest_013', 'cat_039', 'Passion Fruit Tea', 'Fresh brewed tea with passion fruit', 4.99, 'https://picsum.photos/seed/item065/400/300', '["Vegan"]', '[]', 0, false, true, 1, '2023-03-20T10:00:00Z', '2024-01-01T10:00:00Z'),
('item_066', 'rest_014', 'cat_040', 'Doro Wot', 'Spicy chicken stew with hard-boiled eggs', 15.99, 'https://picsum.photos/seed/item066/400/300', '[]', '["Eggs"]', 3, true, true, 0, '2023-04-15T10:00:00Z', '2024-01-01T10:00:00Z'),
('item_067', 'rest_014', 'cat_040', 'Tibs', 'Sauted beef with onions and peppers', 17.99, 'https://picsum.photos/seed/item067/400/300', '[]', '[]', 2, true, true, 1, '2023-04-15T10:00:00Z', '2024-01-01T10:00:00Z'),
('item_068', 'rest_014', 'cat_041', 'Vegetarian Combination', 'Assorted lentils, greens, and vegetables', 14.99, 'https://picsum.photos/seed/item068/400/300', '["Vegetarian", "Vegan"]', '[]', 1, true, true, 0, '2023-04-15T10:00:00Z', '2024-01-01T10:00:00Z'),
('item_069', 'rest_014', 'cat_042', 'Meat Combination Platter', 'Sampler of three meat dishes', 22.99, 'https://picsum.photos/seed/item069/400/300', '[]', '["Eggs"]', 2, true, true, 0, '2023-04-15T10:00:00Z', '2024-01-01T10:00:00Z'),
('item_070', 'rest_014', 'cat_042', 'Family Platter', 'Serves 4 - selection of meat and vegetarian dishes', 49.99, 'https://picsum.photos/seed/item070/400/300', '[]', '["Eggs"]', 2, false, true, 1, '2023-04-15T10:00:00Z', '2024-01-01T10:00:00Z'),
('item_071', 'rest_015', 'cat_043', 'Brisket', 'Slow-smoked for 14 hours', 16.99, 'https://picsum.photos/seed/item071/400/300', '[]', '[]', 0, true, true, 0, '2023-05-22T10:00:00Z', '2024-01-01T10:00:00Z'),
('item_072', 'rest_015', 'cat_043', 'Pulled Pork', 'Tender pulled pork with BBQ sauce', 14.99, 'https://picsum.photos/seed/item072/400/300', '[]', '["Pork"]', 0, true, true, 1, '2023-05-22T10:00:00Z', '2024-01-01T10:00:00Z'),
('item_073', 'rest_015', 'cat_043', 'St. Louis Ribs - Full Rack', 'Fall-off-the-bone tender', 28.99, 'https://picsum.photos/seed/item073/400/300', '[]', '["Pork"]', 0, true, true, 2, '2023-05-22T10:00:00Z', '2024-01-01T10:00:00Z'),
('item_074', 'rest_015', 'cat_044', 'Pitmaster Platter', 'Brisket, ribs, pulled pork, and two sides', 32.99, 'https://picsum.photos/seed/item074/400/300', '[]', '["Pork"]', 0, true, true, 0, '2023-05-22T10:00:00Z', '2024-01-01T10:00:00Z'),
('item_075', 'rest_015', 'cat_045', 'Mac & Cheese', 'Creamy homemade mac and cheese', 6.99, 'https://picsum.photos/seed/item075/400/300', '["Vegetarian"]', '["Gluten", "Dairy"]', 0, true, true, 0, '2023-05-22T10:00:00Z', '2024-01-01T10:00:00Z'),
('item_076', 'rest_016', 'cat_046', 'Tonkotsu Ramen', 'Rich pork bone broth with chashu and soft egg', 14.99, 'https://picsum.photos/seed/item076/400/300', '[]', '["Gluten", "Eggs", "Pork", "Soy"]', 0, true, true, 0, '2023-06-30T10:00:00Z', '2024-01-01T10:00:00Z'),
('item_077', 'rest_016', 'cat_046', 'Spicy Miso Ramen', 'Miso broth with chili oil and ground pork', 15.99, 'https://picsum.photos/seed/item077/400/300', '[]', '["Gluten", "Soy", "Pork", "Eggs"]', 3, true, true, 1, '2023-06-30T10:00:00Z', '2024-01-01T10:00:00Z'),
('item_078', 'rest_016', 'cat_046', 'Vegetarian Ramen', 'Vegetable broth with tofu and seasonal vegetables', 13.99, 'https://picsum.photos/seed/item078/400/300', '["Vegetarian"]', '["Gluten", "Soy"]', 0, false, true, 2, '2023-06-30T10:00:00Z', '2024-01-01T10:00:00Z'),
('item_079', 'rest_016', 'cat_047', 'Gyoza', 'Pan-fried pork dumplings, six pieces', 7.99, 'https://picsum.photos/seed/item079/400/300', '[]', '["Gluten", "Pork", "Soy"]', 0, true, true, 0, '2023-06-30T10:00:00Z', '2024-01-01T10:00:00Z'),
('item_080', 'rest_016', 'cat_048', 'Chashu Don', 'Rice bowl with braised pork belly and soft egg', 12.99, 'https://picsum.photos/seed/item080/400/300', '[]', '["Pork", "Eggs", "Soy"]', 0, false, true, 0, '2023-06-30T10:00:00Z', '2024-01-01T10:00:00Z'),
('item_081', 'rest_017', 'cat_049', 'Seasonal Salad', 'Farm-fresh greens with house vinaigrette', 12.99, 'https://picsum.photos/seed/item081/400/300', '["Vegetarian"]', '[]', 0, true, true, 0, '2023-07-15T10:00:00Z', '2024-01-01T10:00:00Z'),
('item_082', 'rest_017', 'cat_050', 'Pan-Seared Salmon', 'Wild-caught salmon with seasonal vegetables', 28.99, 'https://picsum.photos/seed/item082/400/300', '[]', '["Fish"]', 0, true, true, 0, '2023-07-15T10:00:00Z', '2024-01-01T10:00:00Z'),
('item_083', 'rest_017', 'cat_050', 'Grass-Fed Ribeye', 'Local grass-fed beef with potato gratin', 36.99, 'https://picsum.photos/seed/item083/400/300', '[]', '["Dairy"]', 0, true, true, 1, '2023-07-15T10:00:00Z', '2024-01-01T10:00:00Z'),
('item_084', 'rest_017', 'cat_051', 'Seasonal Fruit Tart', 'House-made tart with fresh seasonal fruits', 10.99, 'https://picsum.photos/seed/item084/400/300', '["Vegetarian"]', '["Gluten", "Dairy", "Eggs"]', 0, true, true, 0, '2023-07-15T10:00:00Z', '2024-01-01T10:00:00Z'),
('item_085', 'rest_017', 'cat_051', 'Chocolate Lava Cake', 'Warm chocolate cake with vanilla ice cream', 11.99, 'https://picsum.photos/seed/item085/400/300', '["Vegetarian"]', '["Gluten", "Dairy", "Eggs"]', 0, false, true, 1, '2023-07-15T10:00:00Z', '2024-01-01T10:00:00Z'),
('item_086', 'rest_018', 'cat_052', 'Margherita Pizza', 'Tomato sauce, fresh mozzarella, basil', 13.99, 'https://picsum.photos/seed/item086/400/300', '["Vegetarian"]', '["Gluten", "Dairy"]', 0, true, true, 0, '2023-08-20T10:00:00Z', '2024-01-01T10:00:00Z'),
('item_087', 'rest_018', 'cat_052', 'Pepperoni Pizza', 'Tomato sauce, mozzarella, pepperoni', 15.99, 'https://picsum.photos/seed/item087/400/300', '[]', '["Gluten", "Dairy", "Pork"]', 0, true, true, 1, '2023-08-20T10:00:00Z', '2024-01-01T10:00:00Z'),
('item_088', 'rest_018', 'cat_053', 'Truffle Mushroom Pizza', 'White sauce, mushrooms, truffle oil, arugula', 18.99, 'https://picsum.photos/seed/item088/400/300', '["Vegetarian"]', '["Gluten", "Dairy"]', 0, true, true, 0, '2023-08-20T10:00:00Z', '2024-01-01T10:00:00Z'),
('item_089', 'rest_018', 'cat_053', 'Prosciutto e Rucola', 'Tomato sauce, mozzarella, prosciutto, arugula', 17.99, 'https://picsum.photos/seed/item089/400/300', '[]', '["Gluten", "Dairy", "Pork"]', 0, false, true, 1, '2023-08-20T10:00:00Z', '2024-01-01T10:00:00Z'),
('item_090', 'rest_018', 'cat_054', 'Meat Lovers Calzone', 'Pepperoni, sausage, bacon, and mozzarella', 14.99, 'https://picsum.photos/seed/item090/400/300', '[]', '["Gluten", "Dairy", "Pork"]', 0, false, true, 0, '2023-08-20T10:00:00Z', '2024-01-01T10:00:00Z'),
('item_091', 'rest_019', 'cat_055', 'Classic Buttermilk Pancakes', 'Stack of three fluffy pancakes', 9.99, 'https://picsum.photos/seed/item091/400/300', '["Vegetarian"]', '["Gluten", "Dairy", "Eggs"]', 0, true, true, 0, '2023-09-10T10:00:00Z', '2024-01-01T10:00:00Z'),
('item_092', 'rest_019', 'cat_055', 'Blueberry Pancakes', 'Pancakes with fresh blueberries', 11.99, 'https://picsum.photos/seed/item092/400/300', '["Vegetarian"]', '["Gluten", "Dairy", "Eggs"]', 0, true, true, 1, '2023-09-10T10:00:00Z', '2024-01-01T10:00:00Z'),
('item_093', 'rest_019', 'cat_055', 'Belgian Waffle', 'Crispy Belgian waffle with whipped cream', 10.99, 'https://picsum.photos/seed/item093/400/300', '["Vegetarian"]', '["Gluten", "Dairy", "Eggs"]', 0, true, true, 2, '2023-09-10T10:00:00Z', '2024-01-01T10:00:00Z'),
('item_094', 'rest_019', 'cat_056', 'Classic Omelette', 'Three-egg omelette with choice of fillings', 11.99, 'https://picsum.photos/seed/item094/400/300', '["Vegetarian"]', '["Eggs", "Dairy"]', 0, true, true, 0, '2023-09-10T10:00:00Z', '2024-01-01T10:00:00Z'),
('item_095', 'rest_019', 'cat_057', 'Eggs Benedict', 'Poached eggs, Canadian bacon, hollandaise', 13.99, 'https://picsum.photos/seed/item095/400/300', '[]', '["Gluten", "Eggs", "Dairy", "Pork"]', 0, true, true, 0, '2023-09-10T10:00:00Z', '2024-01-01T10:00:00Z'),
('item_096', 'rest_020', 'cat_058', 'Oysters on the Half Shell', 'Fresh Pacific oysters, six pieces', 16.99, 'https://picsum.photos/seed/item096/400/300', '[]', '["Shellfish"]', 0, true, true, 0, '2023-10-05T10:00:00Z', '2024-01-01T10:00:00Z'),
('item_097', 'rest_020', 'cat_058', 'Shrimp Cocktail', 'Jumbo shrimp with cocktail sauce', 14.99, 'https://picsum.photos/seed/item097/400/300', '[]', '["Shellfish"]', 0, true, true, 1, '2023-10-05T10:00:00Z', '2024-01-01T10:00:00Z'),
('item_098', 'rest_020', 'cat_059', 'Fish and Chips', 'Beer-battered cod with fries', 17.99, 'https://picsum.photos/seed/item098/400/300', '[]', '["Fish", "Gluten"]', 0, true, true, 0, '2023-10-05T10:00:00Z', '2024-01-01T10:00:00Z'),
('item_099', 'rest_020', 'cat_059', 'Grilled Salmon', 'Fresh salmon with seasonal vegetables', 22.99, 'https://picsum.photos/seed/item099/400/300', '[]', '["Fish"]', 0, true, true, 1, '2023-10-05T10:00:00Z', '2024-01-01T10:00:00Z'),
('item_100', 'rest_020', 'cat_060', 'Lobster Roll', 'Maine lobster with mayo on toasted bun', 24.99, 'https://picsum.photos/seed/item100/400/300', '[]', '["Shellfish", "Gluten", "Eggs"]', 0, true, true, 0, '2023-10-05T10:00:00Z', '2024-01-01T10:00:00Z');

-- Insert Menu Item Sizes (30 size options)
INSERT INTO menu_item_sizes (size_id, menu_item_id, size_name, price_adjustment, display_order, created_at) VALUES
('size_001', 'item_004', 'Small (10")', 0.00, 0, '2022-03-15T10:00:00Z'),
('size_002', 'item_004', 'Medium (14")', 5.00, 1, '2022-03-15T10:00:00Z'),
('size_003', 'item_004', 'Large (18")', 10.00, 2, '2022-03-15T10:00:00Z'),
('size_004', 'item_005', 'Small (10")', 0.00, 0, '2022-03-15T10:00:00Z'),
('size_005', 'item_005', 'Medium (14")', 5.00, 1, '2022-03-15T10:00:00Z'),
('size_006', 'item_005', 'Large (18")', 10.00, 2, '2022-03-15T10:00:00Z'),
('size_007', 'item_019', 'Regular', 0.00, 0, '2022-06-01T10:00:00Z'),
('size_008', 'item_019', 'Large', 2.00, 1, '2022-06-01T10:00:00Z'),
('size_009', 'item_025', 'Regular', 0.00, 0, '2022-07-15T10:00:00Z'),
('size_010', 'item_025', 'Large', 1.50, 1, '2022-07-15T10:00:00Z'),
('size_011', 'item_027', 'Regular', 0.00, 0, '2022-08-20T10:00:00Z'),
('size_012', 'item_027', 'Large', 3.00, 1, '2022-08-20T10:00:00Z'),
('size_013', 'item_051', 'Regular', 0.00, 0, '2023-01-10T10:00:00Z'),
('size_014', 'item_051', 'Large', 3.00, 1, '2023-01-10T10:00:00Z'),
('size_015', 'item_053', 'Regular', 0.00, 0, '2023-01-10T10:00:00Z'),
('size_016', 'item_053', 'Large', 2.50, 1, '2023-01-10T10:00:00Z'),
('size_017', 'item_057', '6oz', -5.00, 0, '2023-02-14T10:00:00Z'),
('size_018', 'item_057', '10oz', 5.00, 1, '2023-02-14T10:00:00Z'),
('size_019', 'item_073', 'Half Rack', -10.00, 0, '2023-05-22T10:00:00Z'),
('size_020', 'item_076', 'Regular', 0.00, 0, '2023-06-30T10:00:00Z'),
('size_021', 'item_076', 'Large', 3.00, 1, '2023-06-30T10:00:00Z'),
('size_022', 'item_086', 'Small (10")', 0.00, 0, '2023-08-20T10:00:00Z'),
('size_023', 'item_086', 'Medium (14")', 4.00, 1, '2023-08-20T10:00:00Z'),
('size_024', 'item_086', 'Large (18")', 8.00, 2, '2023-08-20T10:00:00Z'),
('size_025', 'item_087', 'Small (10")', 0.00, 0, '2023-08-20T10:00:00Z'),
('size_026', 'item_087', 'Medium (14")', 4.00, 1, '2023-08-20T10:00:00Z'),
('size_027', 'item_087', 'Large (18")', 8.00, 2, '2023-08-20T10:00:00Z'),
('size_028', 'item_091', 'Short Stack (2)', -2.00, 0, '2023-09-10T10:00:00Z'),
('size_029', 'item_092', 'Short Stack (2)', -2.00, 0, '2023-09-10T10:00:00Z'),
('size_030', 'item_096', 'Dozen', 17.00, 1, '2023-10-05T10:00:00Z');

-- Insert Menu Item Addons (40 add-ons)
INSERT INTO menu_item_addons (addon_id, menu_item_id, addon_name, addon_price, display_order, created_at) VALUES
('addon_001', 'item_002', 'Extra Pancetta', 3.00, 0, '2022-03-15T10:00:00Z'),
('addon_002', 'item_002', 'Extra Cheese', 2.00, 1, '2022-03-15T10:00:00Z'),
('addon_003', 'item_004', 'Fresh Mozzarella', 3.00, 0, '2022-03-15T10:00:00Z'),
('addon_004', 'item_004', 'Prosciutto', 4.00, 1, '2022-03-15T10:00:00Z'),
('addon_005', 'item_004', 'Mushrooms', 2.00, 2, '2022-03-15T10:00:00Z'),
('addon_006', 'item_021', 'Bacon', 2.50, 0, '2022-07-15T10:00:00Z'),
('addon_007', 'item_021', 'Avocado', 2.00, 1, '2022-07-15T10:00:00Z'),
('addon_008', 'item_021', 'Fried Egg', 1.50, 2, '2022-07-15T10:00:00Z'),
('addon_009', 'item_022', 'Extra Bacon', 2.50, 0, '2022-07-15T10:00:00Z'),
('addon_010', 'item_022', 'Jalapeos', 1.00, 1, '2022-07-15T10:00:00Z'),
('addon_011', 'item_027', 'Chicken', 3.00, 0, '2022-08-20T10:00:00Z'),
('addon_012', 'item_027', 'Beef', 3.50, 1, '2022-08-20T10:00:00Z'),
('addon_013', 'item_027', 'Shrimp', 4.00, 2, '2022-08-20T10:00:00Z'),
('addon_014', 'item_027', 'Tofu', 2.00, 3, '2022-08-20T10:00:00Z'),
('addon_015', 'item_033', 'Guacamole', 2.00, 0, '2022-09-05T10:00:00Z'),
('addon_016', 'item_033', 'Sour Cream', 1.00, 1, '2022-09-05T10:00:00Z'),
('addon_017', 'item_033', 'Extra Cheese', 1.50, 2, '2022-09-05T10:00:00Z'),
('addon_018', 'item_043', 'Beef', 3.00, 0, '2022-11-18T10:00:00Z'),
('addon_019', 'item_043', 'Chicken', 2.50, 1, '2022-11-18T10:00:00Z'),
('addon_020', 'item_043', 'Tofu', 2.00, 2, '2022-11-18T10:00:00Z'),
('addon_021', 'item_051', 'Chicken', 3.00, 0, '2023-01-10T10:00:00Z'),
('addon_022', 'item_051', 'Shrimp', 4.00, 1, '2023-01-10T10:00:00Z'),
('addon_023', 'item_051', 'Tofu', 2.00, 2, '2023-01-10T10:00:00Z'),
('addon_024', 'item_053', 'Chicken', 3.00, 0, '2023-01-10T10:00:00Z'),
('addon_025', 'item_053', 'Shrimp', 4.00, 1, '2023-01-10T10:00:00Z'),
('addon_026', 'item_053', 'Extra Peanuts', 1.00, 2, '2023-01-10T10:00:00Z'),
('addon_027', 'item_056', 'Sauted Mushrooms', 4.00, 0, '2023-02-14T10:00:00Z'),
('addon_028', 'item_056', 'Blue Cheese Crust', 5.00, 1, '2023-02-14T10:00:00Z'),
('addon_029', 'item_056', 'Garlic Butter', 2.00, 2, '2023-02-14T10:00:00Z'),
('addon_030', 'item_063', 'Avocado', 2.00, 0, '2023-03-20T10:00:00Z'),
('addon_031', 'item_063', 'Mango', 1.50, 1, '2023-03-20T10:00:00Z'),
('addon_032', 'item_063', 'Seaweed Salad', 2.50, 2, '2023-03-20T10:00:00Z'),
('addon_033', 'item_086', 'Pepperoni', 2.00, 0, '2023-08-20T10:00:00Z'),
('addon_034', 'item_086', 'Sausage', 2.00, 1, '2023-08-20T10:00:00Z'),
('addon_035', 'item_086', 'Mushrooms', 1.50, 2, '2023-08-20T10:00:00Z'),
('addon_036', 'item_091', 'Chocolate Chips', 2.00, 0, '2023-09-10T10:00:00Z'),
('addon_037', 'item_091', 'Whipped Cream', 1.50, 1, '2023-09-10T10:00:00Z'),
('addon_038', 'item_094', 'Cheese', 1.50, 0, '2023-09-10T10:00:00Z'),
('addon_039', 'item_094', 'Ham', 2.00, 1, '2023-09-10T10:00:00Z'),
('addon_040', 'item_094', 'Vegetables', 1.50, 2, '2023-09-10T10:00:00Z');

-- Insert Menu Item Modifications (30 modifications)
INSERT INTO menu_item_modifications (modification_id, menu_item_id, modification_name, price_adjustment, display_order, created_at) VALUES
('mod_001', 'item_002', 'No Pancetta', 0.00, 0, '2022-03-15T10:00:00Z'),
('mod_002', 'item_002', 'Light Sauce', 0.00, 1, '2022-03-15T10:00:00Z'),
('mod_003', 'item_007', 'Mild (Less Spicy)', 0.00, 0, '2022-04-20T10:00:00Z'),
('mod_004', 'item_007', 'Extra Spicy', 0.00, 1, '2022-04-20T10:00:00Z'),
('mod_005', 'item_007', 'No Cream', 0.00, 2, '2022-04-20T10:00:00Z'),
('mod_006', 'item_021', 'No Onions', 0.00, 0, '2022-07-15T10:00:00Z'),
('mod_007', 'item_021', 'No Pickles', 0.00, 1, '2022-07-15T10:00:00Z'),
('mod_008', 'item_021', 'Lettuce Wrap (No Bun)', 0.00, 2, '2022-07-15T10:00:00Z'),
('mod_009', 'item_029', 'Mild', 0.00, 0, '2022-08-20T10:00:00Z'),
('mod_010', 'item_029', 'Extra Spicy', 0.00, 1, '2022-08-20T10:00:00Z'),
('mod_011', 'item_029', 'No Peanuts', 0.00, 2, '2022-08-20T10:00:00Z'),
('mod_012', 'item_031', 'No Onions', 0.00, 0, '2022-09-05T10:00:00Z'),
('mod_013', 'item_031', 'Extra Cilantro', 0.00, 1, '2022-09-05T10:00:00Z'),
('mod_014', 'item_031', 'Mild Salsa', 0.00, 2, '2022-09-05T10:00:00Z'),
('mod_015', 'item_043', 'No Egg', 0.00, 0, '2022-11-18T10:00:00Z'),
('mod_016', 'item_043', 'Extra Spicy', 0.00, 1, '2022-11-18T10:00:00Z'),
('mod_017', 'item_051', 'Mild', 0.00, 0, '2023-01-10T10:00:00Z'),
('mod_018', 'item_051', 'Extra Spicy', 0.00, 1, '2023-01-10T10:00:00Z'),
('mod_019', 'item_051', 'Extra Vegetables', 0.00, 2, '2023-01-10T10:00:00Z'),
('mod_020', 'item_053', 'No Peanuts', 0.00, 0, '2023-01-10T10:00:00Z'),
('mod_021', 'item_053', 'Less Spicy', 0.00, 1, '2023-01-10T10:00:00Z'),
('mod_022', 'item_056', 'Rare', 0.00, 0, '2023-02-14T10:00:00Z'),
('mod_023', 'item_056', 'Medium Rare', 0.00, 1, '2023-02-14T10:00:00Z'),
('mod_024', 'item_056', 'Medium', 0.00, 2, '2023-02-14T10:00:00Z'),
('mod_025', 'item_056', 'Medium Well', 0.00, 3, '2023-02-14T10:00:00Z'),
('mod_026', 'item_076', 'No Eggs', 0.00, 0, '2023-06-30T10:00:00Z'),
('mod_027', 'item_076', 'Extra Noodles', 1.00, 1, '2023-06-30T10:00:00Z'),
('mod_028', 'item_091', 'Gluten-free', 2.00, 0, '2023-09-10T10:00:00Z'),
('mod_029', 'item_094', 'Egg Whites Only', 1.00, 0, '2023-09-10T10:00:00Z'),
('mod_030', 'item_098', 'Grilled (Not Fried)', 0.00, 0, '2023-10-05T10:00:00Z');

-- Insert Saved Payment Methods (20 entries)
INSERT INTO saved_payment_methods (payment_method_id, user_id, payment_label, card_type, last_four_digits, expiration_month, expiration_year, billing_zip_code, is_default, created_at, updated_at) VALUES
('payment_001', 'user_001', 'Personal Visa', 'Visa', '4532', '08', '2026', '97201', true, '2023-01-20T10:00:00Z', '2023-01-20T10:00:00Z'),
('payment_002', 'user_001', 'Business Amex', 'Amex', '1008', '12', '2025', '97201', false, '2023-02-15T10:00:00Z', '2023-02-15T10:00:00Z'),
('payment_003', 'user_002', 'Chase Sapphire', 'Visa', '7893', '03', '2027', '97202', true, '2023-03-01T10:00:00Z', '2023-03-01T10:00:00Z'),
('payment_004', 'user_003', 'Mastercard', 'Mastercard', '5421', '06', '2026', '97203', true, '2023-03-15T10:00:00Z', '2023-03-15T10:00:00Z'),
('payment_005', 'user_004', 'Discover', 'Discover', '6011', '09', '2025', '97204', true, '2023-04-10T10:00:00Z', '2023-04-10T10:00:00Z'),
('payment_006', 'user_005', 'Visa Debit', 'Visa', '4321', '11', '2026', '97205', true, '2023-05-15T10:00:00Z', '2023-05-15T10:00:00Z'),
('payment_007', 'user_006', 'Mastercard', 'Mastercard', '5500', '02', '2027', '97206', true, '2023-06-20T10:00:00Z', '2023-06-20T10:00:00Z'),
('payment_008', 'user_007', 'Amex Gold', 'Amex', '3782', '07', '2025', '97207', true, '2023-07-25T10:00:00Z', '2023-07-25T10:00:00Z'),
('payment_009', 'user_008', 'Bank Visa', 'Visa', '4111', '10', '2026', '97208', true, '2023-08-30T10:00:00Z', '2023-08-30T10:00:00Z'),
('payment_010', 'user_009', 'Credit Union Card', 'Mastercard', '5678', '04', '2027', '97209', true, '2023-09-15T10:00:00Z', '2023-09-15T10:00:00Z'),
('payment_011', 'user_010', 'Travel Card', 'Visa', '4242', '01', '2026', '97210', true, '2023-10-10T10:00:00Z', '2023-10-10T10:00:00Z'),
('payment_012', 'user_011', 'Rewards Card', 'Mastercard', '5123', '05', '2027', '97211', true, '2023-11-12T10:00:00Z', '2023-11-12T10:00:00Z'),
('payment_013', 'user_012', 'Business Visa', 'Visa', '4999', '08', '2025', '97212', true, '2023-11-25T10:00:00Z', '2023-11-25T10:00:00Z'),
('payment_014', 'user_013', 'Platinum Card', 'Amex', '3714', '12', '2026', '97213', true, '2023-12-05T10:00:00Z', '2023-12-05T10:00:00Z'),
('payment_015', 'user_014', 'Cash Back Visa', 'Visa', '4567', '03', '2027', '97214', true, '2023-12-18T10:00:00Z', '2023-12-18T10:00:00Z'),
('payment_016', 'user_015', 'Student Card', 'Mastercard', '5234', '06', '2026', '97215', true, '2024-01-08T10:00:00Z', '2024-01-08T10:00:00Z'),
('payment_017', 'user_002', 'Backup Card', 'Visa', '4000', '09', '2025', '97202', false, '2023-06-10T10:00:00Z', '2023-06-10T10:00:00Z'),
('payment_018', 'user_005', 'Weekend Card', 'Mastercard', '5987', '11', '2026', '97205', false, '2023-08-15T10:00:00Z', '2023-08-15T10:00:00Z'),
('payment_019', 'user_008', 'Emergency Card', 'Visa', '4512', '02', '2027', '97208', false, '2023-10-20T10:00:00Z', '2023-10-20T10:00:00Z'),
('payment_020', 'user_012', 'Family Card', 'Amex', '3456', '07', '2026', '97212', false, '2024-01-05T10:00:00Z', '2024-01-05T10:00:00Z');

-- Insert Discounts (25 discounts)
INSERT INTO discounts (discount_id, restaurant_id, discount_type, discount_value, coupon_code, qr_code_data, description, terms_conditions, minimum_order_amount, excluded_items, valid_days, is_one_time_use, max_redemptions_per_user, total_redemption_limit, current_redemption_count, is_active, start_date, end_date, is_local_picks_exclusive, created_at, updated_at) VALUES
('disc_001', 'rest_001', 'percentage', 20, 'PASTA20', NULL, '20% off all pasta dishes', 'Valid on dine-in and delivery. Cannot be combined with other offers.', 15.00, '[]', '[1,2,3,4]', false, 5, NULL, 47, true, '2024-01-01T00:00:00Z', '2024-03-31T23:59:59Z', false, '2023-12-15T10:00:00Z', '2024-01-10T10:00:00Z'),
('disc_002', 'rest_002', 'percentage', 15, 'SPICE15', NULL, '15% off your entire order', 'Minimum order $12. Valid for delivery only.', 12.00, '[]', '[0,1,2,3,4,5,6]', false, 3, 500, 123, true, '2024-01-01T00:00:00Z', '2024-02-29T23:59:59Z', false, '2023-12-20T10:00:00Z', '2024-01-10T10:00:00Z'),
('disc_003', 'rest_003', 'fixed_amount', 10, 'SUSHI10', NULL, '$10 off orders over $50', 'Valid on delivery and pickup orders.', 50.00, '[]', '[0,1,2,3,4,5,6]', false, 2, NULL, 89, true, '2024-01-01T00:00:00Z', '2024-06-30T23:59:59Z', true, '2023-12-22T10:00:00Z', '2024-01-10T10:00:00Z'),
('disc_004', 'rest_004', 'percentage', 25, 'VEGAN25', NULL, '25% off smoothie bowls', 'Valid weekdays before 2 PM.', 0.00, '[]', '[1,2,3,4,5]', false, 10, NULL, 34, true, '2024-01-01T00:00:00Z', '2024-12-31T23:59:59Z', false, '2023-12-25T10:00:00Z', '2024-01-10T10:00:00Z'),
('disc_005', 'rest_005', 'percentage', 10, 'BURGER10', NULL, '10% off all burgers', 'Dine-in, delivery, and pickup.', 0.00, '["item_024", "item_025"]', '[0,1,2,3,4,5,6]', false, NULL, 1000, 456, true, '2024-01-01T00:00:00Z', '2024-04-30T23:59:59Z', false, '2023-12-28T10:00:00Z', '2024-01-11T10:00:00Z'),
('disc_006', 'rest_006', 'fixed_amount', 5, 'DIMSUM5', NULL, '$5 off dim sum orders', 'Valid Monday-Friday lunch hours.', 20.00, '[]', '[1,2,3,4,5]', false, 5, 300, 78, true, '2024-01-08T00:00:00Z', '2024-03-31T23:59:59Z', false, '2024-01-01T10:00:00Z', '2024-01-10T10:00:00Z'),
('disc_007', 'rest_007', 'percentage', 20, 'TACO20', NULL, '20% off taco Tuesday', 'Valid every Tuesday all day.', 15.00, '[]', '[2]', false, NULL, NULL, 234, true, '2024-01-01T00:00:00Z', '2024-12-31T23:59:59Z', false, '2024-01-02T10:00:00Z', '2024-01-10T10:00:00Z'),
('disc_008', 'rest_008', 'percentage', 15, 'MEZZE15', NULL, '15% off mezze platters', 'Dine-in only.', 25.00, '[]', '[0,1,2,3,4,5,6]', false, 3, NULL, 56, true, '2024-01-10T00:00:00Z', '2024-02-29T23:59:59Z', true, '2024-01-05T10:00:00Z', '2024-01-10T10:00:00Z'),
('disc_009', 'rest_009', 'fixed_amount', 15, 'BBQ15', NULL, '$15 off orders $60+', 'Valid on BBQ platters and combos.', 60.00, '[]', '[0,1,2,3,4,5,6]', false, 1, 200, 67, true, '2024-01-01T00:00:00Z', '2024-05-31T23:59:59Z', false, '2024-01-03T10:00:00Z', '2024-01-10T10:00:00Z'),
('disc_010', 'rest_010', 'percentage', 30, 'BISTRO30', NULL, '30% off late-night dining', 'Valid after 9 PM Tuesday-Thursday.', 30.00, '[]', '[2,3,4]', false, 2, 100, 23, true, '2024-01-15T00:00:00Z', '2024-03-15T23:59:59Z', true, '2024-01-08T10:00:00Z', '2024-01-10T10:00:00Z'),
('disc_011', 'rest_011', 'percentage', 10, 'THAI10', NULL, '10% off all orders', 'Delivery and pickup only.', 10.00, '[]', '[0,1,2,3,4,5,6]', false, 10, NULL, 567, true, '2024-01-01T00:00:00Z', '2024-06-30T23:59:59Z', false, '2024-01-01T10:00:00Z', '2024-01-11T10:00:00Z'),
('disc_012', 'rest_012', 'fixed_amount', 20, 'STEAK20', NULL, '$20 off steaks', 'Dine-in reservations only, excludes holidays.', 75.00, '["item_059", "item_060"]', '[2,3,4]', true, 1, 50, 12, true, '2024-01-20T00:00:00Z', '2024-02-14T23:59:59Z', false, '2024-01-10T10:00:00Z', '2024-01-11T10:00:00Z'),
('disc_013', 'rest_013', 'percentage', 15, 'POKE15', NULL, '15% off poke bowls', 'Lunch special 11 AM - 3 PM.', 0.00, '[]', '[1,2,3,4,5]', false, NULL, 500, 178, true, '2024-01-01T00:00:00Z', '2024-04-30T23:59:59Z', false, '2024-01-02T10:00:00Z', '2024-01-10T10:00:00Z'),
('disc_014', 'rest_014', 'percentage', 20, 'ETHIOPIA20', NULL, '20% off vegetarian platters', 'Valid Mondays all day.', 20.00, '[]', '[1]', false, 5, NULL, 45, true, '2024-01-08T00:00:00Z', '2024-12-31T23:59:59Z', true, '2024-01-05T10:00:00Z', '2024-01-10T10:00:00Z'),
('disc_015', 'rest_015', 'fixed_amount', 10, 'BBQ10OFF', NULL, '$10 off BBQ platters', 'Valid on combination platters.', 30.00, '["item_075"]', '[0,1,2,3,4,5,6]', false, 3, 300, 112, true, '2024-01-01T00:00:00Z', '2024-03-31T23:59:59Z', false, '2024-01-01T10:00:00Z', '2024-01-10T10:00:00Z'),
('disc_016', 'rest_016', 'percentage', 15, 'RAMEN15', NULL, '15% off ramen bowls', 'Dine-in and delivery.', 12.00, '[]', '[0,1,2,3,4,5,6]', false, 5, NULL,289, true, '2024-01-01T00:00:00Z', '2024-05-31T23:59:59Z', false, '2024-01-03T10:00:00Z', '2024-01-11T10:00:00Z'),
('disc_017', 'rest_017', 'percentage', 25, 'FARM25', NULL, '25% off tasting menu', 'Reservations required, Tuesday-Thursday only.', 50.00, '[]', '[2,3,4]', true, 1, 40, 8, true, '2024-01-15T00:00:00Z', '2024-02-28T23:59:59Z', true, '2024-01-08T10:00:00Z', '2024-01-10T10:00:00Z'),
('disc_018', 'rest_018', 'percentage', 20, 'PIZZA20', NULL, '20% off pizzas', 'Valid on orders over $20.', 20.00, '[]', '[0,1,2,3,4,5,6]', false, NULL, 800, 234, true, '2024-01-01T00:00:00Z', '2024-06-30T23:59:59Z', false, '2024-01-02T10:00:00Z', '2024-01-11T10:00:00Z'),
('disc_019', 'rest_019', 'percentage', 10, 'BREAKFAST10', NULL, '10% off breakfast', 'Valid weekdays 7-10 AM.', 10.00, '[]', '[1,2,3,4,5]', false, 10, NULL, 345, true, '2024-01-01T00:00:00Z', '2024-12-31T23:59:59Z', false, '2024-01-01T10:00:00Z', '2024-01-10T10:00:00Z'),
('disc_020', 'rest_020', 'fixed_amount', 12, 'SEAFOOD12', NULL, '$12 off orders $50+', 'Valid on seafood entrees.', 50.00, '["item_096", "item_097"]', '[0,1,2,3,4,5,6]', false, 2, 250, 89, true, '2024-01-08T00:00:00Z', '2024-04-30T23:59:59Z', true, '2024-01-05T10:00:00Z', '2024-01-11T10:00:00Z'),
('disc_021', 'rest_001', 'qr_discount', 5, NULL, 'QR_BELLA_001', 'Scan QR code for $5 off', 'One-time use. Valid in-store only.', 25.00, '[]', '[0,1,2,3,4,5,6]', true, 1, NULL, 12, true, '2024-01-01T00:00:00Z', '2024-03-31T23:59:59Z', false, '2023-12-30T10:00:00Z', '2024-01-10T10:00:00Z'),
('disc_022', 'rest_003', 'qr_discount', 15, NULL, 'QR_TOKYO_001', 'Weekly special - scan for $15 off', 'Valid on omakase only.', 80.00, '[]', '[5,6]', false, 1, 50, 23, true, '2024-01-08T00:00:00Z', '2024-02-08T23:59:59Z', true, '2024-01-05T10:00:00Z', '2024-01-10T10:00:00Z'),
('disc_023', 'rest_007', 'first_order', 25, 'FIRSTTACO', NULL, '25% off first order', 'New customers only.', 15.00, '[]', '[0,1,2,3,4,5,6]', true, 1, NULL, 78, true, '2024-01-01T00:00:00Z', '2024-12-31T23:59:59Z', false, '2024-01-01T10:00:00Z', '2024-01-10T10:00:00Z'),
('disc_024', 'rest_010', 'qr_discount', 10, NULL, 'QR_BISTRO_001', 'Local Picks exclusive - $10 off', 'Show this code to server.', 40.00, '[]', '[2,3,4,5,6]', false, 3, 100, 34, true, '2024-01-08T00:00:00Z', '2024-03-31T23:59:59Z', true, '2024-01-05T10:00:00Z', '2024-01-10T10:00:00Z'),
('disc_025', 'rest_014', 'qr_discount', 8, NULL, 'QR_ETHIOPIA_001', 'Scan for $8 off platters', 'Valid on combination platters only.', 30.00, '[]', '[0,1,2,3,4,5,6]', false, 2, 150, 45, true, '2024-01-08T00:00:00Z', '2024-06-30T23:59:59Z', true, '2024-01-05T10:00:00Z', '2024-01-10T10:00:00Z');

-- Insert Saved Addresses (25 addresses)
INSERT INTO saved_addresses (address_id, user_id, address_label, street_address, apartment_suite, city, state, zip_code, is_default, created_at, updated_at) VALUES
('addr_001', 'user_001', 'Home', '123 Oak Street', 'Apt 4B', 'Portland', 'OR', '97201', true, '2023-01-15T08:00:00Z', '2023-01-15T08:00:00Z'),
('addr_002', 'user_001', 'Work', '789 Business Plaza', 'Suite 1200', 'Portland', 'OR', '97204', false, '2023-02-01T09:00:00Z', '2023-02-01T09:00:00Z'),
('addr_003', 'user_002', 'Home', '456 Maple Avenue', NULL, 'Portland', 'OR', '97202', true, '2023-02-20T10:00:00Z', '2023-02-20T10:00:00Z'),
('addr_004', 'user_003', 'Apartment', '789 Pine Road', 'Unit 305', 'Portland', 'OR', '97203', true, '2023-03-10T12:30:00Z', '2023-03-10T12:30:00Z'),
('addr_005', 'user_004', 'Home', '321 Elm Street', NULL, 'Portland', 'OR', '97204', true, '2023-04-05T15:00:00Z', '2023-04-05T15:00:00Z'),
('addr_006', 'user_005', 'House', '555 Cedar Lane', NULL, 'Portland', 'OR', '97205', true, '2023-05-12T09:00:00Z', '2023-05-12T09:00:00Z'),
('addr_007', 'user_005', 'Mom''s Place', '888 Family Drive', NULL, 'Portland', 'OR', '97206', false, '2023-06-01T10:00:00Z', '2023-06-01T10:00:00Z'),
('addr_008', 'user_006', 'Home', '234 Birch Avenue', 'Apt 12', 'Portland', 'OR', '97206', true, '2023-06-18T14:00:00Z', '2023-06-18T14:00:00Z'),
('addr_009', 'user_007', 'Condo', '999 Downtown Street', 'Unit 801', 'Portland', 'OR', '97207', true, '2023-07-22T11:00:00Z', '2023-07-22T11:00:00Z'),
('addr_010', 'user_008', 'Home', '147 Sunset Boulevard', NULL, 'Portland', 'OR', '97208', true, '2023-08-30T13:00:00Z', '2023-08-30T13:00:00Z'),
('addr_011', 'user_009', 'Apartment', '258 Garden View', 'Apt 5C', 'Portland', 'OR', '97209', true, '2023-09-14T10:00:00Z', '2023-09-14T10:00:00Z'),
('addr_012', 'user_010', 'Home', '369 River Road', NULL, 'Portland', 'OR', '97210', true, '2023-10-05T16:00:00Z', '2023-10-05T16:00:00Z'),
('addr_013', 'user_011', 'Apartment', '741 College Street', 'Unit 2A', 'Portland', 'OR', '97211', true, '2023-11-08T09:00:00Z', '2023-11-08T09:00:00Z'),
('addr_014', 'user_012', 'Home', '852 Hillside Drive', NULL, 'Portland', 'OR', '97212', true, '2023-11-20T12:00:00Z', '2023-11-20T12:00:00Z'),
('addr_015', 'user_012', 'Office', '963 Tech Park', 'Floor 3', 'Portland', 'OR', '97213', false, '2023-12-01T14:00:00Z', '2023-12-01T14:00:00Z'),
('addr_016', 'user_013', 'Home', '159 Lakeside Avenue', NULL, 'Portland', 'OR', '97213', true, '2023-12-01T14:00:00Z', '2023-12-01T14:00:00Z'),
('addr_017', 'user_014', 'Loft', '357 Industrial Way', 'Loft 4', 'Portland', 'OR', '97214', true, '2023-12-15T11:00:00Z', '2023-12-15T11:00:00Z'),
('addr_018', 'user_015', 'Home', '486 University Circle', 'Apt 8B', 'Portland', 'OR', '97215', true, '2024-01-05T08:00:00Z', '2024-01-05T08:00:00Z'),
('addr_019', 'user_003', 'Parent''s House', '572 Suburban Lane', NULL, 'Portland', 'OR', '97216', false, '2023-04-20T16:00:00Z', '2023-04-20T16:00:00Z'),
('addr_020', 'user_007', 'Work', '681 Corporate Center', 'Suite 500', 'Portland', 'OR', '97217', false, '2023-08-15T10:00:00Z', '2023-08-15T10:00:00Z'),
('addr_021', 'user_009', 'Gym Address', '792 Fitness Plaza', NULL, 'Portland', 'OR', '97218', false, '2023-10-10T12:00:00Z', '2023-10-10T12:00:00Z'),
('addr_022', 'user_011', 'Friend''s Place', '803 Couch Street', 'Apt 10', 'Portland', 'OR', '97219', false, '2023-12-05T15:00:00Z', '2023-12-05T15:00:00Z'),
('addr_023', 'user_013', 'Studio', '914 Art District', 'Studio B', 'Portland', 'OR', '97220', false, '2024-01-02T11:00:00Z', '2024-01-02T11:00:00Z'),
('addr_024', 'user_002', 'Vacation Home', '125 Beach Road', NULL, 'Portland', 'OR', '97221', false, '2023-07-15T14:00:00Z', '2023-07-15T14:00:00Z'),
('addr_025', 'user_008', 'Sister''s House', '236 Family Avenue', NULL, 'Portland', 'OR', '97222', false, '2023-11-20T16:00:00Z', '2023-11-20T16:00:00Z');

-- Insert Orders (50 orders with various statuses)
INSERT INTO orders (order_id, user_id, restaurant_id, order_type, order_status, delivery_street_address, delivery_apartment_suite, delivery_city, delivery_state, delivery_zip_code, special_instructions, subtotal, discount_amount, discount_id, delivery_fee, tax, tip, grand_total, payment_method_id, payment_status, estimated_delivery_time, estimated_pickup_time, order_received_at, preparing_started_at, ready_at, out_for_delivery_at, delivered_at, cancelled_at, cancellation_reason, created_at, updated_at) VALUES
('order_001', 'user_001', 'rest_001', 'delivery', 'delivered', '123 Oak Street', 'Apt 4B', 'Portland', 'OR', '97201', 'Please ring doorbell twice', 45.97, 0.00, NULL, 4.99, 4.14, 8.00, 63.10, 'payment_001', 'completed', '2024-01-05T19:30:00Z', NULL, '2024-01-05T18:45:00Z', '2024-01-05T18:50:00Z', '2024-01-05T19:15:00Z', '2024-01-05T19:18:00Z', '2024-01-05T19:28:00Z', NULL, NULL, '2024-01-05T18:45:00Z', '2024-01-05T19:28:00Z'),
('order_002', 'user_002', 'rest_003', 'delivery', 'delivered', '456 Maple Avenue', NULL, 'Portland', 'OR', '97202', NULL, 68.95, 10.00, 'disc_003', 5.99, 5.21, 12.00, 82.15, 'payment_003', 'completed', '2024-01-06T20:00:00Z', NULL, '2024-01-06T19:15:00Z', '2024-01-06T19:25:00Z', '2024-01-06T19:50:00Z', '2024-01-06T19:53:00Z', '2024-01-06T19:58:00Z', NULL, NULL, '2024-01-06T19:15:00Z', '2024-01-06T19:58:00Z'),
('order_003', 'user_003', 'rest_005', 'pickup', 'delivered', NULL, NULL, NULL, NULL, NULL, 'Extra pickles please', 28.97, 0.00, NULL, 0.00, 2.61, 0.00, 31.58, 'payment_004', 'completed', NULL, '2024-01-07T12:30:00Z', '2024-01-07T12:05:00Z', '2024-01-07T12:10:00Z', '2024-01-07T12:25:00Z', NULL, '2024-01-07T12:30:00Z', NULL, NULL, '2024-01-07T12:05:00Z', '2024-01-07T12:30:00Z'),
('order_004', 'user_004', 'rest_002', 'delivery', 'delivered', '321 Elm Street', NULL, 'Portland', 'OR', '97204', NULL, 33.98, 5.10, 'disc_002', 3.99, 2.89, 6.00, 41.76, 'payment_005', 'completed', '2024-01-07T19:45:00Z', NULL, '2024-01-07T19:00:00Z', '2024-01-07T19:05:00Z', '2024-01-07T19:30:00Z', '2024-01-07T19:33:00Z', '2024-01-07T19:42:00Z', NULL, NULL, '2024-01-07T19:00:00Z', '2024-01-07T19:42:00Z'),
('order_005', 'user_005', 'rest_007', 'delivery', 'delivered', '555 Cedar Lane', NULL, 'Portland', 'OR', '97205', 'Call when arriving', 41.97, 8.39, 'disc_007', 4.49, 3.42, 7.00, 48.49, 'payment_006', 'completed', '2024-01-09T18:30:00Z', NULL, '2024-01-09T17:45:00Z', '2024-01-09T17:50:00Z', '2024-01-09T18:15:00Z', '2024-01-09T18:18:00Z', '2024-01-09T18:28:00Z', NULL, NULL, '2024-01-09T17:45:00Z', '2024-01-09T18:28:00Z'),
('order_006', 'user_006', 'rest_004', 'pickup', 'delivered', NULL, NULL, NULL, NULL, NULL, NULL, 25.98, 0.00, NULL, 0.00, 2.34, 0.00, 28.32, 'payment_007', 'completed', NULL, '2024-01-08T14:15:00Z', '2024-01-08T13:50:00Z', '2024-01-08T13:55:00Z', '2024-01-08T14:10:00Z', NULL, '2024-01-08T14:15:00Z', NULL, NULL, '2024-01-08T13:50:00Z', '2024-01-08T14:15:00Z'),
('order_007', 'user_007', 'rest_010', 'delivery', 'delivered', '999 Downtown Street', 'Unit 801', 'Portland', 'OR', '97207', 'Please include extra napkins', 86.97, 26.09, 'disc_010', 6.99, 6.77, 15.00, 89.64, 'payment_008', 'completed', '2024-01-10T22:00:00Z', NULL, '2024-01-10T21:15:00Z', '2024-01-10T21:25:00Z', '2024-01-10T21:50:00Z', '2024-01-10T21:53:00Z', '2024-01-10T21:58:00Z', NULL, NULL, '2024-01-10T21:15:00Z', '2024-01-10T21:58:00Z'),
('order_008', 'user_008', 'rest_006', 'delivery', 'delivered', '147 Sunset Boulevard', NULL, 'Portland', 'OR', '97208', NULL, 29.98, 0.00, NULL, 2.99, 2.70, 5.00, 40.67, 'payment_009', 'completed', '2024-01-08T20:15:00Z', NULL, '2024-01-08T19:30:00Z', '2024-01-08T19:35:00Z', '2024-01-08T20:00:00Z', '2024-01-08T20:03:00Z', '2024-01-08T20:13:00Z', NULL, NULL, '2024-01-08T19:30:00Z', '2024-01-08T20:13:00Z'),
('order_009', 'user_009', 'rest_011', 'delivery', 'delivered', '258 Garden View', 'Apt 5C', 'Portland', 'OR', '97209', 'Extra spicy please', 26.98, 0.00, NULL, 2.49, 2.65, 5.00, 37.12, 'payment_010', 'completed', '2024-01-09T13:00:00Z', NULL, '2024-01-09T12:20:00Z', '2024-01-09T12:25:00Z', '2024-01-09T12:45:00Z', '2024-01-09T12:48:00Z', '2024-01-09T12:58:00Z', NULL, NULL, '2024-01-09T12:20:00Z', '2024-01-09T12:58:00Z'),
('order_010', 'user_010', 'rest_016', 'pickup', 'delivered', NULL, NULL, NULL, NULL, NULL, 'Extra noodles', 29.98, 0.00, NULL, 0.00, 2.70, 0.00, 32.68, 'payment_011', 'completed', NULL, '2024-01-10T19:00:00Z', '2024-01-10T18:35:00Z', '2024-01-10T18:40:00Z', '2024-01-10T18:55:00Z', NULL, '2024-01-10T19:00:00Z', NULL, NULL, '2024-01-10T18:35:00Z', '2024-01-10T19:00:00Z'),
('order_011', 'user_011', 'rest_019', 'delivery', 'delivered', '741 College Street', 'Unit 2A', 'Portland', 'OR', '97211', NULL, 23.98, 0.00, NULL, 2.99, 2.43, 4.00, 33.40, 'payment_012', 'completed', '2024-01-11T09:30:00Z', NULL, '2024-01-11T08:45:00Z', '2024-01-11T08:50:00Z', '2024-01-11T09:15:00Z', '2024-01-11T09:18:00Z', '2024-01-11T09:28:00Z', NULL, NULL, '2024-01-11T08:45:00Z', '2024-01-11T09:28:00Z'),
('order_012', 'user_012', 'rest_012', 'pickup', 'delivered', NULL, NULL, NULL, NULL, NULL, NULL, 91.98, 0.00, NULL, 0.00, 8.28, 0.00, 100.26, 'payment_013', 'completed', NULL, '2024-01-09T20:30:00Z', '2024-01-09T19:45:00Z', '2024-01-09T19:55:00Z', '2024-01-09T20:25:00Z', NULL, '2024-01-09T20:30:00Z', NULL, NULL, '2024-01-09T19:45:00Z', '2024-01-09T20:30:00Z'),
('order_013', 'user_013', 'rest_014', 'delivery', 'delivered', '159 Lakeside Avenue', NULL, 'Portland', 'OR', '97213', NULL, 30.98, 6.20, 'disc_014', 4.49, 2.63, 6.00, 37.90, 'payment_014', 'completed', '2024-01-08T19:00:00Z', NULL, '2024-01-08T18:15:00Z', '2024-01-08T18:20:00Z', '2024-01-08T18:45:00Z', '2024-01-08T18:48:00Z', '2024-01-08T18:58:00Z', NULL, NULL, '2024-01-08T18:15:00Z', '2024-01-08T18:58:00Z'),
('order_014', 'user_014', 'rest_015', 'delivery', 'delivered', '357 Industrial Way', 'Loft 4', 'Portland', 'OR', '97214', 'Gate code: 1234', 46.98, 0.00, NULL, 4.99, 4.68, 8.00, 64.65, 'payment_015', 'completed', '2024-01-10T18:30:00Z', NULL, '2024-01-10T17:45:00Z', '2024-01-10T17:55:00Z', '2024-01-10T18:20:00Z', '2024-01-10T18:23:00Z', '2024-01-10T18:28:00Z', NULL, NULL, '2024-01-10T17:45:00Z', '2024-01-10T18:28:00Z'),
('order_015', 'user_015', 'rest_018', 'delivery', 'delivered', '486 University Circle', 'Apt 8B', 'Portland', 'OR', '97215', NULL, 33.98, 0.00, NULL, 3.99, 3.42, 6.00, 47.39, 'payment_016', 'completed', '2024-01-11T19:30:00Z', NULL, '2024-01-11T18:45:00Z', '2024-01-11T18:50:00Z', '2024-01-11T19:10:00Z', '2024-01-11T19:13:00Z', '2024-01-11T19:28:00Z', NULL, NULL, '2024-01-11T18:45:00Z', '2024-01-11T19:28:00Z'),
('order_016', 'user_001', 'rest_020', 'delivery', 'out_for_delivery', '123 Oak Street', 'Apt 4B', 'Portland', 'OR', '97201', NULL, 47.98, 12.00, 'disc_020', 5.49, 3.74, 8.00, 53.21, 'payment_001', 'completed', '2024-01-11T20:00:00Z', NULL, '2024-01-11T19:15:00Z', '2024-01-11T19:20:00Z', '2024-01-11T19:45:00Z', '2024-01-11T19:48:00Z', NULL, NULL, NULL, '2024-01-11T19:15:00Z', '2024-01-11T19:48:00Z'),
('order_017', 'user_002', 'rest_013', 'delivery', 'ready', '456 Maple Avenue', NULL, 'Portland', 'OR', '97202', NULL, 28.98, 0.00, NULL, 3.99, 2.96, 5.00, 40.93, 'payment_003', 'completed', '2024-01-11T20:15:00Z', NULL, '2024-01-11T19:30:00Z', '2024-01-11T19:35:00Z', '2024-01-11T19:50:00Z', NULL, NULL, NULL, NULL, '2024-01-11T19:30:00Z', '2024-01-11T19:50:00Z'),
('order_018', 'user_003', 'rest_009', 'delivery', 'preparing', '789 Pine Road', 'Unit 305', 'Portland', 'OR', '97203', 'Please include chopsticks', 43.98, 0.00, NULL, 4.99, 4.40, 7.00, 60.37, 'payment_004', 'completed', '2024-01-11T20:30:00Z', NULL, '2024-01-11T19:40:00Z', '2024-01-11T19:45:00Z', NULL, NULL, NULL, NULL, NULL, '2024-01-11T19:40:00Z', '2024-01-11T19:45:00Z'),
('order_019', 'user_004', 'rest_017', 'pickup', 'ready', NULL, NULL, NULL, NULL, NULL, NULL, 65.98, 0.00, NULL, 0.00, 5.94, 0.00, 71.92, 'payment_005', 'completed', NULL, '2024-01-11T20:00:00Z', '2024-01-11T19:20:00Z', '2024-01-11T19:30:00Z', '2024-01-11T19:55:00Z', NULL, NULL, NULL, NULL, '2024-01-11T19:20:00Z', '2024-01-11T19:55:00Z'),
('order_020', 'user_005', 'rest_008', 'delivery', 'preparing', '555 Cedar Lane', NULL, 'Portland', 'OR', '97205', NULL, 36.98, 0.00, NULL, 3.99, 3.69, 6.00, 50.66, 'payment_006', 'completed', '2024-01-11T20:45:00Z', NULL, '2024-01-11T19:55:00Z', '2024-01-11T20:00:00Z', NULL, NULL, NULL, NULL, NULL, '2024-01-11T19:55:00Z', '2024-01-11T20:00:00Z'),
('order_021', 'user_006', 'rest_001', 'delivery', 'order_received', '234 Birch Avenue', 'Apt 12', 'Portland', 'OR', '97206', NULL, 32.98, 6.60, 'disc_001', 4.99, 2.37, 5.00, 38.74, 'payment_007', 'completed', '2024-01-11T21:00:00Z', NULL, '2024-01-11T20:10:00Z', NULL, NULL, NULL, NULL, NULL, NULL, '2024-01-11T20:10:00Z', '2024-01-11T20:10:00Z'),
('order_022', 'user_007', 'rest_005', 'pickup', 'order_received', NULL, NULL, NULL, NULL, NULL, 'Well done please', 27.98, 0.00, NULL, 0.00, 2.52, 0.00, 30.50, 'payment_008', 'completed', NULL, '2024-01-11T20:40:00Z', '2024-01-11T20:15:00Z', NULL, NULL, NULL, NULL, NULL, NULL, '2024-01-11T20:15:00Z', '2024-01-11T20:15:00Z'),
('order_023', 'user_008', 'rest_011', 'delivery', 'delivered', '147 Sunset Boulevard', NULL, 'Portland', 'OR', '97208', NULL, 25.98, 0.00, NULL, 2.49, 2.56, 4.00, 35.03, 'payment_009', 'completed', '2024-01-10T13:30:00Z', NULL, '2024-01-10T12:45:00Z', '2024-01-10T12:50:00Z', '2024-01-10T13:10:00Z', '2024-01-10T13:13:00Z', '2024-01-10T13:28:00Z', NULL, NULL, '2024-01-10T12:45:00Z', '2024-01-10T13:28:00Z'),
('order_024', 'user_009', 'rest_016', 'delivery', 'delivered', '258 Garden View', 'Apt 5C', 'Portland', 'OR', '97209', 'Extra chashu please', 32.98, 0.00, NULL, 3.49, 3.28, 6.00, 45.75, 'payment_010', 'completed', '2024-01-09T19:30:00Z', NULL, '2024-01-09T18:45:00Z', '2024-01-09T18:50:00Z', '2024-01-09T19:15:00Z', '2024-01-09T19:18:00Z', '2024-01-09T19:28:00Z', NULL, NULL, '2024-01-09T18:45:00Z', '2024-01-09T19:28:00Z'),
('order_025', 'user_010', 'rest_007', 'delivery', 'cancelled', '369 River Road', NULL, 'Portland', 'OR', '97210', NULL, 29.98, 0.00, NULL, 4.49, 0.00, 0.00, 0.00, NULL, 'refunded', NULL, NULL, '2024-01-10T18:00:00Z', NULL, NULL, NULL, NULL, '2024-01-10T18:10:00Z', 'Restaurant too busy', '2024-01-10T18:00:00Z', '2024-01-10T18:10:00Z'),
('order_026', 'user_011', 'rest_004', 'pickup', 'delivered', NULL, NULL, NULL, NULL, NULL, NULL, 19.98, 0.00, NULL, 0.00, 1.80, 0.00, 21.78, 'payment_012', 'completed', NULL, '2024-01-09T11:00:00Z', '2024-01-09T10:35:00Z', '2024-01-09T10:40:00Z', '2024-01-09T10:55:00Z', NULL, '2024-01-09T11:00:00Z', NULL, NULL, '2024-01-09T10:35:00Z', '2024-01-09T11:00:00Z'),
('order_027', 'user_012', 'rest_018', 'delivery', 'delivered', '852 Hillside Drive', NULL, 'Portland', 'OR', '97212', NULL, 31.98, 0.00, NULL, 3.99, 3.24, 5.00, 44.21, 'payment_013', 'completed', '2024-01-08T19:30:00Z', NULL, '2024-01-08T18:45:00Z', '2024-01-08T18:50:00Z', '2024-01-08T19:10:00Z', '2024-01-08T19:13:00Z', '2024-01-08T19:28:00Z', NULL, NULL, '2024-01-08T18:45:00Z', '2024-01-08T19:28:00Z'),
('order_028', 'user_013', 'rest_003', 'delivery', 'delivered', '159 Lakeside Avenue', NULL, 'Portland', 'OR', '97213', NULL, 51.97, 0.00, NULL, 5.99, 5.22, 10.00, 73.18, 'payment_014', 'completed', '2024-01-07T20:30:00Z', NULL, '2024-01-07T19:45:00Z', '2024-01-07T19:55:00Z', '2024-01-07T20:20:00Z', '2024-01-07T20:23:00Z', '2024-01-07T20:28:00Z', NULL, NULL, '2024-01-07T19:45:00Z', '2024-01-07T20:28:00Z'),
('order_029', 'user_014', 'rest_019', 'pickup', 'delivered', NULL, NULL, NULL, NULL, NULL, 'Scrambled eggs', 21.98, 0.00, NULL, 0.00, 1.98, 0.00, 23.96, 'payment_015', 'completed', NULL, '2024-01-08T09:30:00Z', '2024-01-08T09:05:00Z', '2024-01-08T09:10:00Z', '2024-01-08T09:25:00Z', NULL, '2024-01-08T09:30:00Z', NULL, NULL, '2024-01-08T09:05:00Z', '2024-01-08T09:30:00Z'),
('order_030', 'user_015', 'rest_002', 'delivery', 'delivered', '486 University Circle', 'Apt 8B', 'Portland', 'OR', '97215', NULL, 34.98, 0.00, NULL, 3.99, 3.51, 6.00, 48.48, 'payment_016', 'completed', '2024-01-06T19:00:00Z', NULL, '2024-01-06T18:15:00Z', '2024-01-06T18:20:00Z', '2024-01-06T18:45:00Z', '2024-01-06T18:48:00Z', '2024-01-06T18:58:00Z', NULL, NULL, '2024-01-06T18:15:00Z', '2024-01-06T18:58:00Z'),
('order_031', 'user_001', 'rest_006', 'delivery', 'delivered', '123 Oak Street', 'Apt 4B', 'Portland', 'OR', '97201', NULL, 27.98, 0.00, NULL, 2.99, 2.79, 5.00, 38.76, 'payment_001', 'completed', '2024-01-04T19:00:00Z', NULL, '2024-01-04T18:15:00Z', '2024-01-04T18:20:00Z', '2024-01-04T18:45:00Z', '2024-01-04T18:48:00Z', '2024-01-04T18:58:00Z', NULL, NULL, '2024-01-04T18:15:00Z', '2024-01-04T18:58:00Z'),
('order_032', 'user_002', 'rest_015', 'pickup', 'delivered', NULL, NULL, NULL, NULL, NULL, 'Extra BBQ sauce', 31.98, 0.00, NULL, 0.00, 2.88, 0.00, 34.86, 'payment_003', 'completed', NULL, '2024-01-05T18:00:00Z', '2024-01-05T17:25:00Z', '2024-01-05T17:35:00Z', '2024-01-05T17:55:00Z', NULL, '2024-01-05T18:00:00Z', NULL, NULL, '2024-01-05T17:25:00Z', '2024-01-05T18:00:00Z'),
('order_033', 'user_003', 'rest_013', 'delivery', 'delivered', '789 Pine Road', 'Unit 305', 'Portland', 'OR', '97203', NULL, 27.98, 0.00, NULL, 3.99, 2.88, 5.00, 39.85, 'payment_004', 'completed', '2024-01-03T13:30:00Z', NULL, '2024-01-03T12:45:00Z', '2024-01-03T12:50:00Z', '2024-01-03T13:00:00Z', '2024-01-03T13:03:00Z', '2024-01-03T13:28:00Z', NULL, NULL, '2024-01-03T12:45:00Z', '2024-01-03T13:28:00Z'),
('order_034', 'user_004', 'rest_011', 'delivery', 'delivered', '321 Elm Street', NULL, 'Portland', 'OR', '97204', 'Mild spice level', 25.98, 2.60, 'disc_011', 2.49, 2.59, 4.00, 32.46, 'payment_005', 'completed', '2024-01-02T19:30:00Z', NULL, '2024-01-02T18:45:00Z', '2024-01-02T18:50:00Z', '2024-01-02T19:10:00Z', '2024-01-02T19:13:00Z', '2024-01-02T19:28:00Z', NULL, NULL, '2024-01-02T18:45:00Z', '2024-01-02T19:28:00Z'),
('order_035', 'user_005', 'rest_001', 'delivery', 'delivered', '555 Cedar Lane', NULL, 'Portland', 'OR', '97205', NULL, 31.98, 0.00, NULL, 4.99, 3.33, 6.00, 46.30, 'payment_006', 'completed', '2024-01-01T20:00:00Z', NULL, '2024-01-01T19:15:00Z', '2024-01-01T19:20:00Z', '2024-01-01T19:45:00Z', '2024-01-01T19:48:00Z', '2024-01-01T19:58:00Z', NULL, NULL, '2024-01-01T19:15:00Z', '2024-01-01T19:58:00Z'),
('order_036', 'user_006', 'rest_020', 'delivery', 'delivered', '234 Birch Avenue', 'Apt 12', 'Portland', 'OR', '97206', NULL, 42.98, 0.00, NULL, 5.49, 4.36, 8.00, 60.83, 'payment_007', 'completed', '2023-12-30T19:00:00Z', NULL, '2023-12-30T18:15:00Z', '2023-12-30T18:20:00Z', '2023-12-30T18:45:00Z', '2023-12-30T18:48:00Z', '2023-12-30T18:58:00Z', NULL, NULL, '2023-12-30T18:15:00Z', '2023-12-30T18:58:00Z'),
('order_037', 'user_007', 'rest_009', 'pickup', 'delivered', NULL, NULL, NULL, NULL, NULL, NULL, 43.98, 0.00, NULL, 0.00, 3.96, 0.00, 47.94, 'payment_008', 'completed', NULL, '2023-12-28T19:30:00Z', '2023-12-28T18:45:00Z', '2023-12-28T18:55:00Z', '2023-12-28T19:25:00Z', NULL, '2023-12-28T19:30:00Z', NULL, NULL, '2023-12-28T18:45:00Z', '2023-12-28T19:30:00Z'),
('order_038', 'user_008', 'rest_019', 'delivery', 'delivered', '147 Sunset Boulevard', NULL, 'Portland', 'OR', '97208', NULL, 24.98, 0.00, NULL, 2.99, 2.52, 4.00, 34.49, 'payment_009', 'completed', '2023-12-27T10:00:00Z', NULL, '2023-12-27T09:15:00Z', '2023-12-27T09:20:00Z', '2023-12-27T09:45:00Z', '2023-12-27T09:48:00Z', '2023-12-27T09:58:00Z', NULL, NULL, '2023-12-27T09:15:00Z', '2023-12-27T09:58:00Z'),
('order_039', 'user_009', 'rest_003', 'delivery', 'delivered', '258 Garden View', 'Apt 5C', 'Portland', 'OR', '97209', NULL, 45.97, 0.00, NULL, 5.99, 4.68, 9.00, 65.64, 'payment_010', 'completed', '2023-12-26T20:30:00Z', NULL, '2023-12-26T19:45:00Z', '2023-12-26T19:55:00Z', '2023-12-26T20:20:00Z', '2023-12-26T20:23:00Z', '2023-12-26T20:28:00Z', NULL, NULL, '2023-12-26T19:45:00Z', '2023-12-26T20:28:00Z'),
('order_040', 'user_010', 'rest_018', 'delivery', 'delivered', '369 River Road', NULL, 'Portland', 'OR', '97210', NULL, 29.98, 0.00, NULL, 3.99, 3.06, 5.00, 42.03, 'payment_011', 'completed', '2023-12-25T19:00:00Z', NULL, '2023-12-25T18:15:00Z', '2023-12-25T18:20:00Z', '2023-12-25T18:40:00Z', '2023-12-25T18:43:00Z', '2023-12-25T18:58:00Z', NULL, NULL, '2023-12-25T18:15:00Z', '2023-12-25T18:58:00Z'),
('order_041', 'user_011', 'rest_016', 'pickup', 'delivered', NULL, NULL, NULL, NULL, NULL, 'Extra eggs', 22.98, 0.00, NULL, 0.00, 2.07, 0.00, 25.05, 'payment_012', 'completed', NULL, '2023-12-24T19:00:00Z', '2023-12-24T18:35:00Z', '2023-12-24T18:40:00Z', '2023-12-24T18:55:00Z', NULL, '2023-12-24T19:00:00Z', NULL, NULL, '2023-12-24T18:35:00Z', '2023-12-24T19:00:00Z'),
('order_042', 'user_012', 'rest_014', 'delivery', 'delivered', '852 Hillside Drive', NULL, 'Portland', 'OR', '97212', NULL, 37.98, 0.00, NULL, 4.49, 3.82, 7.00, 53.29, 'payment_013', 'completed', '2023-12-23T19:30:00Z', NULL, '2023-12-23T18:45:00Z', '2023-12-23T18:50:00Z', '2023-12-23T19:15:00Z', '2023-12-23T19:18:00Z', '2023-12-23T19:28:00Z', NULL, NULL, '2023-12-23T18:45:00Z', '2023-12-23T19:28:00Z'),
('order_043', 'user_013', 'rest_008', 'delivery', 'delivered', '159 Lakeside Avenue', NULL, 'Portland', 'OR', '97213', NULL, 36.98, 5.55, 'disc_008', 3.99, 3.21, 6.00, 44.63, 'payment_014', 'completed', '2023-12-22T19:00:00Z', NULL, '2023-12-22T18:15:00Z', '2023-12-22T18:20:00Z', '2023-12-22T18:45:00Z', '2023-12-22T18:48:00Z', '2023-12-22T18:58:00Z', NULL, NULL, '2023-12-22T18:15:00Z', '2023-12-22T18:58:00Z'),
('order_044', 'user_014', 'rest_005', 'pickup', 'delivered', NULL, NULL, NULL, NULL, NULL, 'No onions', 26.98, 0.00, NULL, 0.00, 2.43, 0.00, 29.41, 'payment_015', 'completed', NULL, '2023-12-21T18:30:00Z', '2023-12-21T18:05:00Z', '2023-12-21T18:10:00Z', '2023-12-21T18:25:00Z', NULL, '2023-12-21T18:30:00Z', NULL, NULL, '2023-12-21T18:05:00Z', '2023-12-21T18:30:00Z'),
('order_045', 'user_015', 'rest_017', 'delivery', 'delivered', '486 University Circle', 'Apt 8B', 'Portland', 'OR', '97215', NULL, 57.98, 0.00, NULL, 5.99, 5.76, 10.00, 79.73, 'payment_016', 'completed', '2023-12-20T20:30:00Z', NULL, '2023-12-20T19:45:00Z', '2023-12-20T19:55:00Z', '2023-12-20T20:20:00Z', '2023-12-20T20:23:00Z', '2023-12-20T20:28:00Z', NULL, NULL, '2023-12-20T19:45:00Z', '2023-12-20T20:28:00Z'),
('order_046', 'user_001', 'rest_012', 'pickup', 'delivered', NULL, NULL, NULL, NULL, NULL, 'Medium rare', 85.98, 20.00, 'disc_012', 0.00, 5.94, 0.00, 71.92, 'payment_001', 'completed', NULL, '2024-01-11T20:30:00Z', '2024-01-11T19:30:00Z', '2024-01-11T19:45:00Z', '2024-01-11T20:25:00Z', NULL, '2024-01-11T20:30:00Z', NULL, NULL, '2024-01-11T19:30:00Z', '2024-01-11T20:30:00Z'),
('order_047', 'user_003', 'rest_007', 'delivery', 'delivered', '789 Pine Road', 'Unit 305', 'Portland', 'OR', '97203', NULL, 27.98, 0.00, NULL, 4.49, 2.92, 5.00, 40.39, 'payment_004', 'completed', '2023-12-18T19:00:00Z', NULL, '2023-12-18T18:15:00Z', '2023-12-18T18:20:00Z', '2023-12-18T18:45:00Z', '2023-12-18T18:48:00Z', '2023-12-18T18:58:00Z', NULL, NULL, '2023-12-18T18:15:00Z', '2023-12-18T18:58:00Z'),
('order_048', 'user_005', 'rest_010', 'delivery', 'delivered', '555 Cedar Lane', NULL, 'Portland', 'OR', '97205', NULL, 55.98, 0.00, NULL, 6.99, 5.67, 10.00, 78.64, 'payment_006', 'completed', '2023-12-17T21:30:00Z', NULL, '2023-12-17T20:45:00Z', '2023-12-17T20:55:00Z', '2023-12-17T21:20:00Z', '2023-12-17T21:23:00Z', '2023-12-17T21:28:00Z', NULL, NULL, '2023-12-17T20:45:00Z', '2023-12-17T21:28:00Z'),
('order_049', 'user_009', 'rest_002', 'delivery', 'delivered', '258 Garden View', 'Apt 5C', 'Portland', 'OR', '97209', NULL, 35.98, 0.00, NULL, 3.99, 3.60, 6.00, 49.57, 'payment_010', 'completed', '2023-12-16T19:30:00Z', NULL, '2023-12-16T18:45:00Z', '2023-12-16T18:50:00Z', '2023-12-16T19:15:00Z', '2023-12-16T19:18:00Z', '2023-12-16T19:28:00Z', NULL, NULL, '2023-12-16T18:45:00Z', '2023-12-16T19:28:00Z'),
('order_050', 'user_012', 'rest_004', 'pickup', 'delivered', NULL, NULL, NULL, NULL, NULL, NULL, 24.98, 0.00, NULL, 0.00, 2.25, 0.00, 27.23, 'payment_013', 'completed', NULL, '2023-12-15T14:00:00Z', '2023-12-15T13:35:00Z', '2023-12-15T13:40:00Z', '2023-12-15T13:55:00Z', NULL, '2023-12-15T14:00:00Z', NULL, NULL, '2023-12-15T13:35:00Z', '2023-12-15T14:00:00Z');

-- Insert Order Items (120 order items)
INSERT INTO order_items (order_item_id, order_id, menu_item_id, item_name, base_price, selected_size, size_price_adjustment, selected_addons, selected_modifications, special_instructions, quantity, item_total_price, created_at) VALUES
('oitem_001', 'order_001', 'item_002', 'Spaghetti Carbonara', 16.99, NULL, 0.00, '[{"name":"Extra Pancetta","price":3.00}]', '[]', NULL, 1, 19.99, '2024-01-05T18:45:00Z'),
('oitem_002', 'order_001', 'item_004', 'Margherita Pizza', 14.99, 'Medium (14")', 5.00, '[]', '[]', NULL, 1, 19.99, '2024-01-05T18:45:00Z'),
('oitem_003', 'order_001', 'item_001', 'Bruschetta Classica', 8.99, NULL, 0.00, '[]', '[]', NULL, 1, 8.99, '2024-01-05T18:45:00Z'),
('oitem_004', 'order_002', 'item_014', 'Dragon Roll', 16.99, NULL, 0.00, '[]', '[]', NULL, 2, 33.98, '2024-01-06T19:15:00Z'),
('oitem_005', 'order_002', 'item_013', 'Nigiri Sampler', 22.99, NULL, 0.00, '[]', '[]', NULL, 1, 22.99, '2024-01-06T19:15:00Z'),
('oitem_006', 'order_002', 'item_011', 'Salmon Sashimi', 14.99, NULL, 0.00, '[]', '[]', NULL, 1, 14.99, '2024-01-06T19:15:00Z'),
('oitem_007', 'order_003', 'item_021', 'Classic Cheeseburger', 12.99, NULL, 0.00, '[{"name":"Avocado","price":2.00}]', '[{"name":"No Pickles","price":0.00}]', 'Extra pickles please', 1, 14.99, '2024-01-07T12:05:00Z'),
('oitem_008', 'order_003', 'item_024', 'Truffle Fries', 7.99, NULL, 0.00, '[]', '[]', NULL, 1, 7.99, '2024-01-07T12:05:00Z'),
('oitem_009', 'order_003', 'item_025', 'Chocolate Shake', 6.99, NULL, 0.00, '[]', '[]', NULL, 1, 6.99, '2024-01-07T12:05:00Z'),
('oitem_010', 'order_004', 'item_007', 'Butter Chicken', 17.99, NULL, 0.00, '[]', '[{"name":"Mild (Less Spicy)","price":0.00}]', NULL, 1, 17.99, '2024-01-07T19:00:00Z'),
('oitem_011', 'order_004', 'item_008', 'Palak Paneer', 15.99, NULL, 0.00, '[]', '[]', NULL, 1, 15.99, '2024-01-07T19:00:00Z'),
('oitem_012', 'order_005', 'item_031', 'Carne Asada Tacos', 13.99, NULL, 0.00, '[]', '[{"name":"No Onions","price":0.00}]', NULL, 2, 27.98, '2024-01-09T17:45:00Z'),
('oitem_013', 'order_005', 'item_033', 'Chicken Burrito', 12.99, NULL, 0.00, '[{"name":"Guacamole","price":2.00}]', '[]', NULL, 1, 14.99, '2024-01-09T17:45:00Z'),
('oitem_014', 'order_006', 'item_016', 'Acai Bowl', 11.99, NULL, 0.00, '[]', '[]', NULL, 1, 11.99, '2024-01-08T13:50:00Z'),
('oitem_015', 'order_006', 'item_017', 'Buddha Bowl', 13.99, NULL, 0.00, '[]', '[]', NULL, 1, 13.99, '2024-01-08T13:50:00Z'),
('oitem_016', 'order_007', 'item_047', 'Coq au Vin', 26.99, NULL, 0.00, '[]', '[]', NULL, 1, 26.99, '2024-01-10T21:15:00Z'),
('oitem_017', 'order_007', 'item_049', 'Steak Frites', 32.99, NULL, 0.00, '[]', '[]', NULL, 1, 32.99, '2024-01-10T21:15:00Z'),
('oitem_018', 'order_007', 'item_046', 'French Onion Soup', 10.99, NULL, 0.00, '[]', '[]', NULL, 1, 10.99, '2024-01-10T21:15:00Z'),
('oitem_019', 'order_007', 'item_050', 'Crme Brle', 8.99, NULL, 0.00, '[]', '[]', 'Please include extra napkins', 2, 17.98, '2024-01-10T21:15:00Z'),
('oitem_020', 'order_008', 'item_027', 'Lo Mein', 13.99, NULL, 0.00, '[{"name":"Chicken","price":3.00}]', '[]', NULL, 1, 16.99, '2024-01-08T19:30:00Z'),
('oitem_021', 'order_008', 'item_026', 'Pork Dumplings', 8.99, NULL, 0.00, '[]', '[]', NULL, 1, 8.99, '2024-01-08T19:30:00Z'),
('oitem_022', 'order_008', 'item_028', 'Fried Rice', 11.99, NULL, 0.00, '[]', '[]', NULL, 1, 11.99, '2024-01-08T19:30:00Z'),
('oitem_023', 'order_009', 'item_053', 'Pad Thai', 11.99, NULL, 0.00, '[{"name":"Chicken","price":3.00}]', '[]', 'Extra spicy please', 1, 14.99, '2024-01-09T12:20:00Z'),
('oitem_024', 'order_009', 'item_051', 'Green Curry', 12.99, NULL, 0.00, '[]', '[]', NULL, 1, 12.99, '2024-01-09T12:20:00Z'),
('oitem_025', 'order_010', 'item_076', 'Tonkotsu Ramen', 14.99, NULL, 0.00, '[]', '[{"name":"Extra Noodles","price":1.00}]', 'Extra noodles', 2, 31.98, '2024-01-10T18:35:00Z'),
('oitem_026', 'order_011', 'item_091', 'Classic Buttermilk Pancakes', 9.99, NULL, 0.00, '[]', '[]', NULL, 1, 9.99, '2024-01-11T08:45:00Z'),
('oitem_027', 'order_011', 'item_095', 'Eggs Benedict', 13.99, NULL, 0.00, '[]', '[]', NULL, 1, 13.99, '2024-01-11T08:45:00Z'),
('oitem_028', 'order_012', 'item_056', 'Ribeye Steak - 16oz', 48.99, NULL, 0.00, '[{"name":"Sauted Mushrooms","price":4.00}]', '[{"name":"Medium Rare","price":0.00}]', NULL, 1, 52.99, '2024-01-09T19:45:00Z'),
('oitem_029', 'order_012', 'item_059', 'Truffle Mac & Cheese', 14.99, NULL, 0.00, '[]', '[]', NULL, 1, 14.99, '2024-01-09T19:45:00Z'),
('oitem_030', 'order_012', 'item_058', 'Lobster Tail', 38.99, NULL, 0.00, '[]', '[]', NULL, 1, 38.99, '2024-01-09T19:45:00Z'),
('oitem_031', 'order_013', 'item_068', 'Vegetarian Combination', 14.99, NULL, 0.00, '[]', '[]', NULL, 2, 29.98, '2024-01-08T18:15:00Z'),
('oitem_032', 'order_014', 'item_071', 'Brisket', 16.99, NULL, 0.00, '[]', '[]', NULL, 1, 16.99, '2024-01-10T17:45:00Z'),
('oitem_033', 'order_014', 'item_073', 'St. Louis Ribs - Full Rack', 28.99, NULL, 0.00, '[]', '[]', 'Gate code: 1234', 1, 28.99, '2024-01-10T17:45:00Z'),
('oitem_034', 'order_015', 'item_086', 'Margherita Pizza', 13.99, 'Medium (14")', 4.00, '[]', '[]', NULL, 1, 17.99, '2024-01-11T18:45:00Z'),
('oitem_035', 'order_015', 'item_087', 'Pepperoni Pizza', 15.99, NULL, 0.00, '[]', '[]', NULL, 1, 15.99, '2024-01-11T18:45:00Z'),
('oitem_036', 'order_016', 'item_100', 'Lobster Roll', 24.99, NULL, 0.00, '[]', '[]', NULL, 1, 24.99, '2024-01-11T19:15:00Z'),
('oitem_037', 'order_016', 'item_098', 'Fish and Chips', 17.99, NULL, 0.00, '[]', '[]', NULL, 1, 17.99, '2024-01-11T19:15:00Z'),
('oitem_038', 'order_016', 'item_097', 'Shrimp Cocktail', 14.99, NULL, 0.00, '[]', '[]', NULL, 1, 14.99, '2024-01-11T19:15:00Z'),
('oitem_039', 'order_017', 'item_061', 'Ahi Tuna Poke Bowl', 14.99, NULL, 0.00, '[]', '[]', NULL, 1, 14.99, '2024-01-11T19:30:00Z'),
('oitem_040', 'order_017', 'item_062', 'Spicy Salmon Bowl', 13.99, NULL, 0.00, '[]', '[]', NULL, 1, 13.99, '2024-01-11T19:30:00Z'),
('oitem_041', 'order_018', 'item_041', 'Galbi (Short Ribs)', 24.99, NULL, 0.00, '[]', '[]', 'Please include chopsticks', 1, 24.99, '2024-01-11T19:40:00Z'),
('oitem_042', 'order_018', 'item_043', 'Bibimbap', 14.99, NULL, 0.00, '[]', '[]', NULL, 1, 14.99, '2024-01-11T19:40:00Z'),
('oitem_043', 'order_018', 'item_045', 'Korean Fried Chicken', 16.99, NULL, 0.00, '[]', '[]', NULL, 1, 16.99, '2024-01-11T19:40:00Z'),
('oitem_044', 'order_019', 'item_082', 'Pan-Seared Salmon', 28.99, NULL, 0.00, '[]', '[]', NULL, 1, 28.99, '2024-01-11T19:20:00Z'),
('oitem_045', 'order_019', 'item_083', 'Grass-Fed Ribeye', 36.99, NULL, 0.00, '[]', '[]', NULL, 1, 36.99, '2024-01-11T19:20:00Z'),
('oitem_046', 'order_020', 'item_036', 'Hummus Platter', 9.99, NULL, 0.00, '[]', '[]', NULL, 1, 9.99, '2024-01-11T19:55:00Z'),
('oitem_047', 'order_020', 'item_038', 'Lamb Kebabs', 19.99, NULL, 0.00, '[]', '[]', NULL, 1, 19.99, '2024-01-11T19:55:00Z'),
('oitem_048', 'order_020', 'item_040', 'Falafel Wrap', 11.99, NULL, 0.00, '[]', '[]', NULL, 1, 11.99, '2024-01-11T19:55:00Z'),
('oitem_049', 'order_021', 'item_002', 'Spaghetti Carbonara', 16.99, NULL, 0.00, '[]', '[]', NULL, 1, 16.99, '2024-01-11T20:10:00Z'),
('oitem_050', 'order_021', 'item_003', 'Fettuccine Alfredo', 15.99, NULL, 0.00, '[]', '[]', NULL, 1, 15.99, '2024-01-11T20:10:00Z'),
('oitem_051', 'order_022', 'item_022', 'BBQ Bacon Burger', 15.99, NULL, 0.00, '[]', '[]', 'Well done please', 1, 15.99, '2024-01-11T20:15:00Z'),
('oitem_052', 'order_022', 'item_024', 'Truffle Fries', 7.99, NULL, 0.00, '[]', '[]', NULL, 1, 7.99, '2024-01-11T20:15:00Z'),
('oitem_053', 'order_023', 'item_053', 'Pad Thai', 11.99, NULL, 0.00, '[{"name":"Shrimp","price":4.00}]', '[]', NULL, 1, 15.99, '2024-01-10T12:45:00Z'),
('oitem_054', 'order_023', 'item_052', 'Massaman Curry', 13.99, NULL, 0.00, '[]', '[]', NULL, 1, 13.99, '2024-01-10T12:45:00Z'),
('oitem_055', 'order_024', 'item_077', 'Spicy Miso Ramen', 15.99, NULL, 0.00, '[]', '[]', 'Extra chashu please', 1, 15.99, '2024-01-09T18:45:00Z'),
('oitem_056', 'order_024', 'item_079', 'Gyoza', 7.99, NULL, 0.00, '[]', '[]', NULL, 1, 7.99, '2024-01-09T18:45:00Z'),
('oitem_057', 'order_024', 'item_080', 'Chashu Don', 12.99, NULL, 0.00, '[]', '[]', NULL, 1, 12.99, '2024-01-09T18:45:00Z'),
('oitem_058', 'order_025', 'item_031', 'Carne Asada Tacos', 13.99, NULL, 0.00, '[]', '[]', NULL, 1, 13.99, '2024-01-10T18:00:00Z'),
('oitem_059', 'order_025', 'item_032', 'Fish Tacos', 14.99, NULL, 0.00, '[]', '[]', NULL, 1, 14.99, '2024-01-10T18:00:00Z'),
('oitem_060', 'order_026', 'item_019', 'Green Smoothie', 7.99, NULL, 0.00, '[]', '[]', NULL, 1, 7.99, '2024-01-09T10:35:00Z'),
('oitem_061', 'order_026', 'item_017', 'Buddha Bowl', 13.99, NULL, 0.00, '[]', '[]', NULL, 1, 13.99, '2024-01-09T10:35:00Z'),
('oitem_062', 'order_027', 'item_088', 'Truffle Mushroom Pizza', 18.99, NULL, 0.00, '[]', '[]', NULL, 1, 18.99, '2024-01-08T18:45:00Z'),
('oitem_063', 'order_027', 'item_086', 'Margherita Pizza', 13.99, NULL, 0.00, '[]', '[]', NULL, 1, 13.99, '2024-01-08T18:45:00Z'),
('oitem_064', 'order_028', 'item_013', 'Nigiri Sampler', 22.99, NULL, 0.00, '[]', '[]', NULL, 1, 22.99, '2024-01-07T19:45:00Z'),
('oitem_065', 'order_028', 'item_015', 'Spicy Tuna Roll', 13.99, NULL, 0.00, '[]', '[]', NULL, 1, 13.99, '2024-01-07T19:45:00Z'),
('oitem_066', 'order_028', 'item_014', 'Dragon Roll', 16.99, NULL, 0.00, '[]', '[]', NULL, 1, 16.99, '2024-01-07T19:45:00Z'),
('oitem_067', 'order_029', 'item_092', 'Blueberry Pancakes', 11.99, NULL, 0.00, '[]', '[]', 'Scrambled eggs', 1, 11.99, '2024-01-08T09:05:00Z'),
('oitem_068', 'order_029', 'item_094', 'Classic Omelette', 11.99, NULL, 0.00, '[]', '[]', NULL, 1, 11.99, '2024-01-08T09:05:00Z'),
('oitem_069', 'order_030', 'item_009', 'Tandoori Chicken', 18.99, NULL, 0.00, '[]', '[]', NULL, 1, 18.99, '2024-01-06T18:15:00Z'),
('oitem_070', 'order_030', 'item_010', 'Paneer Tikka', 16.99, NULL, 0.00, '[]', '[]', NULL, 1, 16.99, '2024-01-06T18:15:00Z'),
('oitem_071', 'order_031', 'item_027', 'Lo Mein', 13.99, NULL, 0.00, '[{"name":"Beef","price":3.50}]', '[]', NULL, 1, 17.49, '2024-01-04T18:15:00Z'),
('oitem_072', 'order_031', 'item_029', 'Kung Pao Chicken', 15.99, NULL, 0.00, '[]', '[]', NULL, 1, 15.99, '2024-01-04T18:15:00Z'),
('oitem_073', 'order_032', 'item_072', 'Pulled Pork', 14.99, NULL, 0.00, '[]', '[]', 'Extra BBQ sauce', 1, 14.99, '2024-01-05T17:25:00Z'),
('oitem_074', 'order_032', 'item_075', 'Mac & Cheese', 6.99, NULL, 0.00, '[]', '[]', NULL, 1, 6.99, '2024-01-05T17:25:00Z'),
('oitem_075', 'order_032', 'item_075', 'Mac & Cheese', 6.99, NULL, 0.00, '[]', '[]', NULL, 1, 6.99, '2024-01-05T17:25:00Z'),
('oitem_076', 'order_033', 'item_062', 'Spicy Salmon Bowl', 13.99, NULL, 0.00, '[]', '[]', NULL, 2, 27.98, '2024-01-03T12:45:00Z'),
('oitem_077', 'order_034', 'item_054', 'Drunken Noodles', 12.99, NULL, 0.00, '[{"name":"Chicken","price":3.00}]', '[{"name":"Less Spicy","price":0.00}]', 'Mild spice level', 1, 15.99, '2024-01-02T18:45:00Z'),
('oitem_078', 'order_034', 'item_053', 'Pad Thai', 11.99, NULL, 0.00, '[]', '[]', NULL, 1, 11.99, '2024-01-02T18:45:00Z'),
('oitem_079', 'order_035', 'item_004', 'Margherita Pizza', 14.99, NULL, 0.00, '[]', '[]', NULL, 1, 14.99, '2024-01-01T19:15:00Z'),
('oitem_080', 'order_035', 'item_005', 'Quattro Formaggi', 17.99, NULL, 0.00, '[]', '[]', NULL, 1, 17.99, '2024-01-01T19:15:00Z'),
('oitem_081', 'order_036', 'item_099', 'Grilled Salmon', 22.99, NULL, 0.00, '[]', '[]', NULL, 1, 22.99, '2023-12-30T18:15:00Z'),
('oitem_082', 'order_036', 'item_098', 'Fish and Chips', 17.99, NULL, 0.00, '[]', '[]', NULL, 1, 17.99, '2023-12-30T18:15:00Z'),
('oitem_083', 'order_037', 'item_042', 'Pork Belly', 18.99, NULL, 0.00, '[]', '[]', NULL, 1, 18.99, '2023-12-28T18:45:00Z'),
('oitem_084', 'order_037', 'item_041', 'Galbi (Short Ribs)', 24.99, NULL, 0.00, '[]', '[]', NULL, 1, 24.99, '2023-12-28T18:45:00Z'),
('oitem_085', 'order_038', 'item_093', 'Belgian Waffle', 10.99, NULL, 0.00, '[]', '[]', NULL, 1, 10.99, '2023-12-27T09:15:00Z'),
('oitem_086', 'order_038', 'item_095', 'Eggs Benedict', 13.99, NULL, 0.00, '[]', '[]', NULL, 1, 13.99, '2023-12-27T09:15:00Z'),
('oitem_087', 'order_039', 'item_012', 'Tuna Sashimi', 18.99, NULL, 0.00, '[]', '[]', NULL, 1, 18.99, '2023-12-26T19:45:00Z'),
('oitem_088', 'order_039', 'item_014', 'Dragon Roll', 16.99, NULL, 0.00, '[]', '[]', NULL, 1, 16.99, '2023-12-26T19:45:00Z'),
('oitem_089', 'order_039', 'item_015', 'Spicy Tuna Roll', 13.99, NULL, 0.00, '[]', '[]', NULL, 1, 13.99, '2023-12-26T19:45:00Z'),
('oitem_090', 'order_040', 'item_087', 'Pepperoni Pizza', 15.99, NULL, 0.00, '[]', '[]', NULL, 1, 15.99, '2023-12-25T18:15:00Z'),
('oitem_091', 'order_040', 'item_086', 'Margherita Pizza', 13.99, NULL, 0.00, '[]', '[]', NULL, 1, 13.99, '2023-12-25T18:15:00Z'),
('oitem_092', 'order_041', 'item_076', 'Tonkotsu Ramen', 14.99, NULL, 0.00, '[]', '[{"name":"No Eggs","price":0.00}]', 'Extra eggs', 1, 14.99, '2023-12-24T18:35:00Z'),
('oitem_093', 'order_041', 'item_079', 'Gyoza', 7.99, NULL, 0.00, '[]', '[]', NULL, 1, 7.99, '2023-12-24T18:35:00Z'),
('oitem_094', 'order_042', 'item_066', 'Doro Wot', 15.99, NULL, 0.00, '[]', '[]', NULL, 1, 15.99, '2023-12-23T18:45:00Z'),
('oitem_095', 'order_042', 'item_069', 'Meat Combination Platter', 22.99, NULL, 0.00, '[]', '[]', NULL, 1, 22.99, '2023-12-23T18:45:00Z'),
('oitem_096', 'order_043', 'item_037', 'Mezze Platter', 16.99, NULL, 0.00, '[]', '[]', NULL, 1, 16.99, '2023-12-22T18:15:00Z'),
('oitem_097', 'order_043', 'item_039', 'Chicken Shawarma Plate', 16.99, NULL, 0.00, '[]', '[]', NULL, 1, 16.99, '2023-12-22T18:15:00Z'),
('oitem_098', 'order_044', 'item_021', 'Classic Cheeseburger', 12.99, NULL, 0.00, '[]', '[{"name":"No Onions","price":0.00}]', 'No onions', 1, 12.99, '2023-12-21T18:05:00Z'),
('oitem_099', 'order_044', 'item_023', 'Mushroom Swiss Burger', 14.99, NULL, 0.00, '[]', '[]', NULL, 1, 14.99, '2023-12-21T18:05:00Z'),
('oitem_100', 'order_045', 'item_082', 'Pan-Seared Salmon', 28.99, NULL, 0.00, '[]', '[]', NULL, 1, 28.99, '2023-12-20T19:45:00Z'),
('oitem_101', 'order_045', 'item_083', 'Grass-Fed Ribeye', 36.99, NULL, 0.00, '[]', '[]', NULL, 1, 36.99, '2023-12-20T19:45:00Z'),
('oitem_102', 'order_046', 'item_057', 'Filet Mignon - 8oz', 42.99, NULL, 0.00, '[]', '[{"name":"Medium Rare","price":0.00}]', 'Medium rare', 1, 42.99, '2024-01-11T19:30:00Z'),
('oitem_103', 'order_046', 'item_058', 'Lobster Tail', 38.99, NULL, 0.00, '[]', '[]', NULL, 1, 38.99, '2024-01-11T19:30:00Z'),
('oitem_104', 'order_047', 'item_031', 'Carne Asada Tacos', 13.99, NULL, 0.00, '[]', '[]', NULL, 2, 27.98, '2023-12-18T18:15:00Z'),
('oitem_105', 'order_048', 'item_048', 'Duck Confit', 28.99, NULL, 0.00, '[]', '[]', NULL, 1, 28.99, '2023-12-17T20:45:00Z'),
('oitem_106', 'order_048', 'item_047', 'Coq au Vin', 26.99, NULL, 0.00, '[]', '[]', NULL, 1, 26.99, '2023-12-17T20:45:00Z'),
('oitem_107', 'order_049', 'item_007', 'Butter Chicken', 17.99, NULL, 0.00, '[]', '[]', NULL, 1, 17.99, '2023-12-16T18:45:00Z'),
('oitem_108', 'order_049', 'item_008', 'Palak Paneer', 15.99, NULL, 0.00, '[]', '[]', NULL, 1, 15.99, '2023-12-16T18:45:00Z'),
('oitem_109', 'order_050', 'item_018', 'Vegan Burger', 14.99, NULL, 0.00, '[]', '[]', NULL, 1, 14.99, '2023-12-15T13:35:00Z'),
('oitem_110', 'order_050', 'item_020', 'Golden Latte', 5.99, NULL, 0.00, '[]', '[]', NULL, 1, 5.99, '2023-12-15T13:35:00Z'),
('oitem_111', 'order_001', 'item_004', 'Margherita Pizza', 14.99, 'Small (10")', 0.00, '[]', '[]', NULL, 1, 14.99, '2024-01-05T18:45:00Z'),
('oitem_112', 'order_014', 'item_075', 'Mac & Cheese', 6.99, NULL, 0.00, '[]', '[]', NULL, 1, 6.99, '2024-01-10T17:45:00Z'),
('oitem_113', 'order_018', 'item_044', 'Kimchi Jjigae', 13.99, NULL, 0.00, '[]', '[]', NULL, 1, 13.99, '2024-01-11T19:40:00Z'),
('oitem_114', 'order_020', 'item_039', 'Chicken Shawarma Plate', 16.99, NULL, 0.00, '[]', '[]', NULL, 1, 16.99, '2024-01-11T19:55:00Z'),
('oitem_115', 'order_028', 'item_011', 'Salmon Sashimi', 14.99, NULL, 0.00, '[]', '[]', NULL, 1, 14.99, '2024-01-07T19:45:00Z'),
('oitem_116', 'order_032', 'item_071', 'Brisket', 16.99, NULL, 0.00, '[]', '[]', NULL, 1, 16.99, '2024-01-05T17:25:00Z'),
('oitem_117', 'order_036', 'item_096', 'Oysters on the Half Shell', 16.99, NULL, 0.00, '[]', '[]', NULL, 1, 16.99, '2023-12-30T18:15:00Z'),
('oitem_118', 'order_042', 'item_067', 'Tibs', 17.99, NULL, 0.00, '[]', '[]', NULL, 1, 17.99, '2023-12-23T18:45:00Z'),
('oitem_119', 'order_043', 'item_038', 'Lamb Kebabs', 19.99, NULL, 0.00, '[]', '[]', NULL, 1, 19.99, '2023-12-22T18:15:00Z'),
('oitem_120', 'order_050', 'item_016', 'Acai Bowl', 11.99, NULL, 0.00, '[]', '[]', NULL, 1, 11.99, '2023-12-15T13:35:00Z');

-- Insert Favorites (30 favorites)
INSERT INTO favorites (favorite_id, user_id, restaurant_id, created_at) VALUES
('fav_001', 'user_001', 'rest_001', '2023-01-20T10:00:00Z'),
('fav_002', 'user_001', 'rest_003', '2023-02-15T12:00:00Z'),
('fav_003', 'user_001', 'rest_020', '2024-01-11T20:00:00Z'),
('fav_004', 'user_002', 'rest_002', '2023-03-01T11:00:00Z'),
('fav_005', 'user_002', 'rest_003', '2024-01-07T09:00:00Z'),
('fav_006', 'user_002', 'rest_015', '2024-01-06T14:00:00Z'),
('fav_007', 'user_003', 'rest_005', '2023-04-15T13:00:00Z'),
('fav_008', 'user_003', 'rest_009', '2024-01-11T20:00:00Z'),
('fav_009', 'user_003', 'rest_013', '2024-01-04T15:00:00Z'),
('fav_010', 'user_004', 'rest_002', '2023-05-10T10:00:00Z'),
('fav_011', 'user_004', 'rest_011', '2024-01-03T12:00:00Z'),
('fav_012', 'user_005', 'rest_007', '2023-06-15T16:00:00Z'),
('fav_013', 'user_005', 'rest_001', '2024-01-02T11:00:00Z'),
('fav_014', 'user_005', 'rest_010', '2023-12-18T19:00:00Z'),
('fav_015', 'user_006', 'rest_004', '2023-07-20T09:00:00Z'),
('fav_016', 'user_006', 'rest_001', '2024-01-11T21:00:00Z'),
('fav_017', 'user_007', 'rest_010', '2023-08-25T20:00:00Z'),
('fav_018', 'user_007', 'rest_005', '2024-01-11T21:00:00Z'),
('fav_019', 'user_008', 'rest_006', '2023-09-10T14:00:00Z'),
('fav_020', 'user_008', 'rest_019', '2023-12-28T10:00:00Z'),
('fav_021', 'user_009', 'rest_011', '2023-10-15T12:00:00Z'),
('fav_022', 'user_009', 'rest_016', '2024-01-10T19:00:00Z'),
('fav_023', 'user_009', 'rest_003', '2023-12-27T21:00:00Z'),
('fav_024', 'user_010', 'rest_016', '2023-11-20T18:00:00Z'),
('fav_025', 'user_010', 'rest_018', '2023-12-26T19:00:00Z'),
('fav_026', 'user_011', 'rest_019', '2023-12-01T08:00:00Z'),
('fav_027', 'user_011', 'rest_004', '2024-01-10T12:00:00Z'),
('fav_028', 'user_012', 'rest_012', '2023-12-10T20:00:00Z'),
('fav_029', 'user_012', 'rest_018', '2024-01-09T19:00:00Z'),
('fav_030', 'user_013', 'rest_014', '2024-01-09T19:00:00Z');

-- Insert Reviews (40 reviews)
INSERT INTO reviews (review_id, user_id, restaurant_id, order_id, star_rating, review_title, review_text, is_verified_visit, helpful_count, is_edited, edited_at, created_at, updated_at) VALUES
('review_001', 'user_001', 'rest_001', 'order_001', 5, 'Best Italian in Portland!', 'Absolutely loved the pasta carbonara. The handmade pasta was perfectly cooked and the sauce was rich and creamy. The pizza was also fantastic with a crispy crust. Will definitely be back!', true, 12, false, NULL, '2024-01-06T10:00:00Z', '2024-01-06T10:00:00Z'),
('review_002', 'user_002', 'rest_003', 'order_002', 5, 'Incredible sushi experience', 'The omakase was outstanding. Every piece of sushi was perfectly prepared with the freshest fish. The chef clearly knows what he''s doing. Best sushi I''ve had in years!', true, 18, false, NULL, '2024-01-07T11:00:00Z', '2024-01-07T11:00:00Z'),
('review_003', 'user_003', 'rest_005', 'order_003', 4, 'Great burgers!', 'The classic cheeseburger was delicious and cooked to perfection. Truffle fries were amazing. Only complaint is the wait time was a bit long for pickup.', true, 8, false, NULL, '2024-01-07T15:00:00Z', '2024-01-07T15:00:00Z'),
('review_004', 'user_004', 'rest_002', 'order_004', 5, 'Authentic Indian cuisine', 'The butter chicken was the best I''ve ever had. Perfectly spiced and the meat was so tender. The palak paneer was also excellent. Highly recommend!', true, 15, false, NULL, '2024-01-08T10:00:00Z', '2024-01-08T10:00:00Z'),
('review_005', 'user_005', 'rest_007', 'order_005', 5, 'Taco Tuesday perfection', 'The carne asada tacos were amazing! Fresh ingredients and the meat was perfectly seasoned. Great value with the Tuesday discount too.', true, 10, false, NULL, '2024-01-10T09:00:00Z', '2024-01-10T09:00:00Z'),
('review_006', 'user_006', 'rest_004', 'order_006', 4, 'Healthy and delicious', 'Love this place for a healthy meal. The acai bowl and Buddha bowl were both fresh and tasty. Great spot for vegetarians!', true, 7, false, NULL, '2024-01-08T16:00:00Z', '2024-01-08T16:00:00Z'),
('review_007', 'user_007', 'rest_010', 'order_007', 5, 'French bistro excellence', 'An absolutely wonderful dining experience. The coq au vin was traditional and delicious, and the steak frites were cooked perfectly. The crme brle was the perfect ending. Worth every penny!', true, 22, false, NULL, '2024-01-11T10:00:00Z', '2024-01-11T10:00:00Z'),
('review_008', 'user_008', 'rest_006', 'order_008', 4, 'Solid Chinese food', 'The lo mein was tasty and the portions were generous. Dumplings were perfectly crispy. Good value for money.', true, 5, false, NULL, '2024-01-09T09:00:00Z', '2024-01-09T09:00:00Z'),
('review_009', 'user_009', 'rest_011', 'order_009', 5, 'Quick and tasty Thai', 'Perfect for a quick lunch. The pad Thai had great flavor and the green curry was perfectly spiced. Fast service too!', true, 9, false, NULL, '2024-01-09T14:00:00Z', '2024-01-09T14:00:00Z'),
('review_010', 'user_010', 'rest_016', 'order_010', 5, 'Ramen heaven', 'The tonkotsu ramen was incredible. Rich, flavorful broth and perfectly cooked noodles. This is my new go-to ramen spot!', true, 16, false, NULL, '2024-01-10T20:00:00Z', '2024-01-10T20:00:00Z'),
('review_011', 'user_011', 'rest_019', 'order_011', 4, 'Great breakfast spot', 'Pancakes were fluffy and the eggs benedict was delicious. Coffee was good too. Can get busy on weekends but worth the wait.', true, 11, false, NULL, '2024-01-11T11:00:00Z', '2024-01-11T11:00:00Z'),
('review_012', 'user_012', 'rest_012', 'order_012', 5, 'Premium steakhouse', 'The ribeye was cooked to perfection - perfectly charred outside and juicy inside. The truffle mac and cheese was decadent. Expensive but worth it for a special occasion.', true, 14, false, NULL, '2024-01-10T09:00:00Z', '2024-01-10T09:00:00Z'),
('review_013', 'user_013', 'rest_014', 'order_013', 5, 'Authentic Ethiopian food', 'Such a unique and delicious experience! The vegetarian platter was incredible with so many different flavors. Loved eating with injera bread.', true, 13, false, NULL, '2024-01-09T10:00:00Z', '2024-01-09T10:00:00Z'),
('review_014', 'user_014', 'rest_015', 'order_014', 5, 'BBQ perfection', 'The brisket was so tender it melted in my mouth. The ribs were fall-off-the-bone good. Best BBQ in Portland hands down!', true, 19, false, NULL, '2024-01-10T20:00:00Z', '2024-01-10T20:00:00Z'),
('review_015', 'user_015', 'rest_018', 'order_015', 4, 'Good pizza', 'Both pizzas were tasty with good quality ingredients. The crust could have been a bit crispier but overall very good.', true, 6, false, NULL, '2024-01-11T21:00:00Z', '2024-01-11T21:00:00Z'),
('review_016', 'user_001', 'rest_020', NULL, 5, 'Fresh seafood', 'The lobster roll was incredible - so much meat! Oysters were fresh and delicious. Great spot for seafood lovers.', false, 8, false, NULL, '2024-01-08T14:00:00Z', '2024-01-08T14:00:00Z'),
('review_017', 'user_002', 'rest_015', 'order_032', 4, 'Great BBQ', 'Pulled pork was fantastic and the mac and cheese was creamy and delicious. Sauce selection was great.', true, 7, false, NULL, '2024-01-06T10:00:00Z', '2024-01-06T10:00:00Z'),
('review_018', 'user_003', 'rest_013', 'order_033', 5, 'Love poke bowls here', 'Always fresh and the portions are generous. The spicy salmon is my favorite. Great healthy option!', true, 10, false, NULL, '2024-01-04T09:00:00Z', '2024-01-04T09:00:00Z'),
('review_019', 'user_004', 'rest_011', 'order_034', 4, 'Reliable Thai food', 'Pad Thai and curry were both good. Appreciate the spice level options. Quick delivery too.', true, 5, false, NULL, '2024-01-03T10:00:00Z', '2024-01-03T10:00:00Z'),
('review_020', 'user_005', 'rest_001', 'order_035', 5, 'Never disappoints', 'Third time ordering and it''s always excellent. The pasta is consistently perfect. My go-to Italian spot.', true, 9, false, NULL, '2024-01-02T11:00:00Z', '2024-01-02T11:00:00Z'),
('review_021', 'user_006', 'rest_020', 'order_036', 5, 'Best fish and chips', 'The batter was crispy and light, fish was flaky and fresh. Generous portions. Highly recommend!', true, 12, false, NULL, '2023-12-31T10:00:00Z', '2023-12-31T10:00:00Z'),
('review_022', 'user_007', 'rest_009', 'order_037', 5, 'Korean BBQ at its finest', 'The galbi was marinated perfectly. Great atmosphere and the side dishes (banchan) were all delicious.', true, 15, false, NULL, '2023-12-29T10:00:00Z', '2023-12-29T10:00:00Z'),
('review_023', 'user_008', 'rest_019', 'order_038', 4, 'Good breakfast', 'Pancakes were good and the portions were large. Coffee could be stronger but overall a nice breakfast.', true, 4, false, NULL, '2023-12-27T12:00:00Z', '2023-12-27T12:00:00Z'),
('review_024', 'user_009', 'rest_003', 'order_039', 5, 'Amazing sushi', 'Every roll was beautifully presented and tasted incredible. You can tell they use high quality fish.', true, 17, false, NULL, '2023-12-27T09:00:00Z', '2023-12-27T09:00:00Z'),
('review_025', 'user_010', 'rest_018', 'order_040', 4, 'Solid pizza joint', 'Good pizza at a reasonable price. Not the best I''ve ever had but definitely satisfying.', true, 6, false, NULL, '2023-12-26T10:00:00Z', '2023-12-26T10:00:00Z'),
('review_026', 'user_011', 'rest_016', 'order_041', 5, 'Ramen is life', 'The broth is so rich and flavorful. Noodles have perfect texture. This is my comfort food spot.', true, 13, false, NULL, '2023-12-25T10:00:00Z', '2023-12-25T10:00:00Z'),
('review_027', 'user_012', 'rest_014', 'order_042', 4, 'Interesting flavors', 'First time trying Ethiopian food and I loved it! The meat platter had so many unique flavors. Will be back to try more.', true, 8, false, NULL, '2023-12-24T10:00:00Z', '2023-12-24T10:00:00Z'),
('review_028', 'user_013', 'rest_008', 'order_043', 5, 'Mediterranean delight', 'The mezze platter was perfect for sharing. Everything was fresh and flavorful. The lamb kebabs were perfectly seasoned.', true, 11, false, NULL, '2023-12-23T10:00:00Z', '2023-12-23T10:00:00Z'),
('review_029', 'user_014', 'rest_005', 'order_044', 4, 'Tasty burgers', 'Both burgers were juicy and flavorful. Good selection of toppings. Fries were crispy.', true, 7, false, NULL, '2023-12-22T10:00:00Z', '2023-12-22T10:00:00Z'),
('review_030', 'user_015', 'rest_017', 'order_045', 5, 'Farm to table excellence', 'You can taste how fresh everything is. The seasonal menu is creative and delicious. Loved both the salmon and ribeye.', true, 20, false, NULL, '2023-12-21T10:00:00Z', '2023-12-21T10:00:00Z'),
('review_031', 'user_001', 'rest_012', 'order_046', 5, 'Special occasion perfection', 'Celebrated an anniversary here and it was perfect. The steak and lobster were both cooked to perfection. Service was excellent.', true, 16, false, NULL, '2024-01-12T10:00:00Z', '2024-01-12T10:00:00Z'),
('review_032', 'user_002', 'rest_002', NULL, 4, 'Solid Indian food', 'Good curries with authentic flavors. Naan bread was fresh and fluffy. Good portion sizes.', false, 5, false, NULL, '2024-01-05T14:00:00Z', '2024-01-05T14:00:00Z'),
('review_033', 'user_003', 'rest_009', NULL, 5, 'Love this place', 'The bibimbap is always perfect. Great for a quick but satisfying dinner.', false, 8, false, NULL, '2024-01-03T16:00:00Z', '2024-01-03T16:00:00Z'),
('review_034', 'user_005', 'rest_010', 'order_048', 5, 'Romantic and delicious', 'Perfect date night spot. The duck confit was amazing. Great wine selection too.', true, 14, false, NULL, '2023-12-18T11:00:00Z', '2023-12-18T11:00:00Z'),
('review_035', 'user_008', 'rest_006', NULL, 3, 'Average', 'Food was okay but nothing special. Service was a bit slow. Might give it another try.', false, 2, false, NULL, '2024-01-02T13:00:00Z', '2024-01-02T13:00:00Z'),
('review_036', 'user_009', 'rest_016', NULL, 5, 'Can''t get enough', 'Been here five times this month. The ramen is addictive! Try the spicy miso.', false, 11, false, NULL, '2024-01-05T17:00:00Z', '2024-01-05T17:00:00Z'),
('review_037', 'user_010', 'rest_007', NULL, 4, 'Great for groups', 'Took a group of friends here and everyone loved their meals. The tableside guacamole is a must!', false, 6, true, '2024-01-04T15:00:00Z', '2024-01-03T12:00:00Z', '2024-01-04T15:00:00Z'),
('review_038', 'user_012', 'rest_018', 'order_027', 4, 'Good pizza delivery', 'Pizza arrived hot and fresh. The truffle mushroom pizza was excellent. Good value.', true, 5, false, NULL, '2024-01-09T10:00:00Z', '2024-01-09T10:00:00Z'),
('review_039', 'user_013', 'rest_003', 'order_028', 5, 'Sushi perfection', 'The fish quality is unmatched. Presentation is beautiful. A bit pricey but worth every penny.', true, 19, false, NULL, '2024-01-08T11:00:00Z', '2024-01-08T11:00:00Z'),
('review_040', 'user_015', 'rest_002', 'order_030', 4, 'Tasty Indian', 'The tandoori chicken was delicious and the paneer tikka was great too. Delivery was prompt.', true, 7, false, NULL, '2024-01-07T10:00:00Z', '2024-01-07T10:00:00Z');

-- Insert Review Photos (15 photos)
INSERT INTO review_photos (photo_id, review_id, photo_url, display_order, created_at) VALUES
('rphoto_001', 'review_001', 'https://picsum.photos/seed/reviewphoto001/600/400', 0, '2024-01-06T10:00:00Z'),
('rphoto_002', 'review_001', 'https://picsum.photos/seed/reviewphoto002/600/400', 1, '2024-01-06T10:00:00Z'),
('rphoto_003', 'review_002', 'https://picsum.photos/seed/reviewphoto003/600/400', 0, '2024-01-07T11:00:00Z'),
('rphoto_004', 'review_002', 'https://picsum.photos/seed/reviewphoto004/600/400', 1, '2024-01-07T11:00:00Z'),
('rphoto_005', 'review_007', 'https://picsum.photos/seed/reviewphoto005/600/400', 0, '2024-01-11T10:00:00Z'),
('rphoto_006', 'review_010', 'https://picsum.photos/seed/reviewphoto006/600/400', 0, '2024-01-10T20:00:00Z'),
('rphoto_007', 'review_014', 'https://picsum.photos/seed/reviewphoto007/600/400', 0, '2024-01-10T20:00:00Z'),
('rphoto_008', 'review_014', 'https://picsum.photos/seed/reviewphoto008/600/400', 1, '2024-01-10T20:00:00Z'),
('rphoto_009', 'review_022', 'https://picsum.photos/seed/reviewphoto009/600/400', 0, '2023-12-29T10:00:00Z'),
('rphoto_010', 'review_024', 'https://picsum.photos/seed/reviewphoto010/600/400', 0, '2023-12-27T09:00:00Z'),
('rphoto_011', 'review_024', 'https://picsum.photos/seed/reviewphoto011/600/400', 1, '2023-12-27T09:00:00Z'),
('rphoto_012', 'review_024', 'https://picsum.photos/seed/reviewphoto012/600/400', 2, '2023-12-27T09:00:00Z'),
('rphoto_013', 'review_030', 'https://picsum.photos/seed/reviewphoto013/600/400', 0, '2023-12-21T10:00:00Z'),
('rphoto_014', 'review_031', 'https://picsum.photos/seed/reviewphoto014/600/400', 0, '2024-01-12T10:00:00Z'),
('rphoto_015', 'review_039', 'https://picsum.photos/seed/reviewphoto015/600/400', 0, '2024-01-08T11:00:00Z');

-- Insert Review Helpful Marks (60 marks)
INSERT INTO review_helpful_marks (helpful_mark_id, review_id, user_id, created_at) VALUES
('helpful_001', 'review_001', 'user_002', '2024-01-06T12:00:00Z'),
('helpful_002', 'review_001', 'user_003', '2024-01-06T14:00:00Z'),
('helpful_003', 'review_001', 'user_004', '2024-01-07T09:00:00Z'),
('helpful_004', 'review_001', 'user_005', '2024-01-07T11:00:00Z'),
('helpful_005', 'review_001', 'user_006', '2024-01-08T10:00:00Z'),
('helpful_006', 'review_002', 'user_001', '2024-01-07T13:00:00Z'),
('helpful_007', 'review_002', 'user_003', '2024-01-07T15:00:00Z'),
('helpful_008', 'review_002', 'user_004', '2024-01-08T09:00:00Z'),
('helpful_009', 'review_002', 'user_005', '2024-01-08T11:00:00Z'),
('helpful_010', 'review_003', 'user_001', '2024-01-08T10:00:00Z'),
('helpful_011', 'review_003', 'user_002', '2024-01-08T12:00:00Z'),
('helpful_012', 'review_004', 'user_001', '2024-01-08T12:00:00Z'),
('helpful_013', 'review_004', 'user_003', '2024-01-08T14:00:00Z'),
('helpful_014', 'review_004', 'user_005', '2024-01-09T09:00:00Z'),
('helpful_015', 'review_005', 'user_001', '2024-01-10T11:00:00Z'),
('helpful_016', 'review_005', 'user_002', '2024-01-10T13:00:00Z'),
('helpful_017', 'review_007', 'user_001', '2024-01-11T12:00:00Z'),
('helpful_018', 'review_007', 'user_002', '2024-01-11T14:00:00Z'),
('helpful_019', 'review_007', 'user_003', '2024-01-11T15:00:00Z'),
('helpful_020', 'review_007', 'user_004', '2024-01-11T16:00:00Z'),
('helpful_021', 'review_010', 'user_001', '2024-01-11T09:00:00Z'),
('helpful_022', 'review_010', 'user_002', '2024-01-11T10:00:00Z'),
('helpful_023', 'review_010', 'user_003', '2024-01-11T11:00:00Z'),
('helpful_024', 'review_012', 'user_001', '2024-01-10T11:00:00Z'),
('helpful_025', 'review_012', 'user_002', '2024-01-10T13:00:00Z'),
('helpful_026', 'review_013', 'user_001', '2024-01-09T12:00:00Z'),
('helpful_027', 'review_013', 'user_002', '2024-01-09T14:00:00Z'),
('helpful_028', 'review_014', 'user_001', '2024-01-11T09:00:00Z'),
('helpful_029', 'review_014', 'user_002', '2024-01-11T10:00:00Z'),
('helpful_030', 'review_014', 'user_003', '2024-01-11T11:00:00Z'),
('helpful_031', 'review_022', 'user_001', '2023-12-30T09:00:00Z'),
('helpful_032', 'review_022', 'user_002', '2023-12-30T10:00:00Z'),
('helpful_033', 'review_024', 'user_001', '2023-12-27T11:00:00Z'),
('helpful_034', 'review_024', 'user_002', '2023-12-27T13:00:00Z'),
('helpful_035', 'review_030', 'user_001', '2023-12-22T09:00:00Z'),
('helpful_036', 'review_030', 'user_002', '2023-12-22T10:00:00Z'),
('helpful_037', 'review_031', 'user_002', '2024-01-12T12:00:00Z'),
('helpful_038', 'review_031', 'user_003', '2024-01-12T13:00:00Z'),
('helpful_039', 'review_001', 'user_007', '2024-01-09T10:00:00Z'),
('helpful_040', 'review_001', 'user_008', '2024-01-09T12:00:00Z'),
('helpful_041', 'review_002', 'user_006', '2024-01-09T09:00:00Z'),
('helpful_042', 'review_002', 'user_007', '2024-01-09T11:00:00Z'),
('helpful_043', 'review_003', 'user_004', '2024-01-09T10:00:00Z'),
('helpful_044', 'review_004', 'user_006', '2024-01-10T09:00:00Z'),
('helpful_045', 'review_004', 'user_007', '2024-01-10T10:00:00Z'),
('helpful_046', 'review_005', 'user_003', '2024-01-11T09:00:00Z'),
('helpful_047', 'review_007', 'user_005', '2024-01-11T17:00:00Z'),
('helpful_048', 'review_007', 'user_006', '2024-01-11T18:00:00Z'),
('helpful_049', 'review_010', 'user_004', '2024-01-11T12:00:00Z'),
('helpful_050', 'review_010', 'user_005', '2024-01-11T13:00:00Z'),
('helpful_051', 'review_011', 'user_001', '2024-01-11T13:00:00Z'),
('helpful_052', 'review_011', 'user_002', '2024-01-11T14:00:00Z'),
('helpful_053', 'review_012', 'user_003', '2024-01-11T09:00:00Z'),
('helpful_054', 'review_013', 'user_003', '2024-01-10T09:00:00Z'),
('helpful_055', 'review_014', 'user_004', '2024-01-11T12:00:00Z'),
('helpful_056', 'review_022', 'user_003', '2023-12-30T11:00:00Z'),
('helpful_057', 'review_024', 'user_003', '2023-12-28T09:00:00Z'),
('helpful_058', 'review_030', 'user_003', '2023-12-23T09:00:00Z'),
('helpful_059', 'review_031', 'user_004', '2024-01-12T14:00:00Z'),
('helpful_060', 'review_039', 'user_001', '2024-01-09T09:00:00Z');

-- Insert Review Reports (5 reports)
INSERT INTO review_reports (report_id, review_id, reported_by_user_id, reason, additional_details, status, reviewed_at, created_at) VALUES
('report_001', 'review_035', 'user_001', 'spam', 'This review seems fake and unhelpful', 'pending', NULL, '2024-01-03T10:00:00Z'),
('report_002', 'review_037', 'user_003', 'inappropriate', 'Contains offensive language', 'reviewed', '2024-01-05T14:00:00Z', '2024-01-04T16:00:00Z'),
('report_003', 'review_016', 'user_005', 'not_relevant', 'Review is for wrong restaurant', 'pending', NULL, '2024-01-09T11:00:00Z'),
('report_004', 'review_023', 'user_007', 'spam', 'Looks like a bot review', 'reviewed', '2024-01-05T10:00:00Z', '2023-12-28T15:00:00Z'),
('report_005', 'review_032', 'user_010', 'fake', 'User never actually ordered from this restaurant', 'pending', NULL, '2024-01-06T12:00:00Z');

-- Insert Discount Redemptions (80 redemptions)
INSERT INTO discount_redemptions (redemption_id, discount_id, user_id, order_id, redemption_method, discount_amount_applied, redeemed_at) VALUES
('redeem_001', 'disc_001', 'user_006', 'order_021', 'coupon_code', 6.60, '2024-01-11T20:10:00Z'),
('redeem_002', 'disc_002', 'user_004', 'order_004', 'coupon_code', 5.10, '2024-01-07T19:00:00Z'),
('redeem_003', 'disc_003', 'user_002', 'order_002', 'coupon_code', 10.00, '2024-01-06T19:15:00Z'),
('redeem_004', 'disc_007', 'user_005', 'order_005', 'coupon_code', 8.39, '2024-01-09T17:45:00Z'),
('redeem_005', 'disc_008', 'user_013', 'order_043', 'coupon_code', 5.55, '2023-12-22T18:15:00Z'),
('redeem_006', 'disc_010', 'user_007', 'order_007', 'coupon_code', 26.09, '2024-01-10T21:15:00Z'),
('redeem_007', 'disc_011', 'user_004', 'order_034', 'coupon_code', 2.60, '2024-01-02T18:45:00Z'),
('redeem_008', 'disc_012', 'user_001', 'order_046', 'coupon_code', 20.00, '2024-01-11T19:30:00Z'),
('redeem_009', 'disc_014', 'user_013', 'order_013', 'coupon_code', 6.20, '2024-01-08T18:15:00Z'),
('redeem_010', 'disc_020', 'user_001', 'order_016', 'coupon_code', 12.00, '2024-01-11T19:15:00Z'),
('redeem_011', 'disc_001', 'user_001', NULL, 'coupon_code', 5.50, '2024-01-08T12:00:00Z'),
('redeem_012', 'disc_001', 'user_003', NULL, 'coupon_code', 6.00, '2024-01-09T18:00:00Z'),
('redeem_013', 'disc_002', 'user_005', NULL, 'coupon_code', 4.80, '2024-01-05T19:00:00Z'),
('redeem_014', 'disc_003', 'user_006', NULL, 'coupon_code', 10.00, '2024-01-10T20:00:00Z'),
('redeem_015', 'disc_005', 'user_002', NULL, 'coupon_code', 3.50, '2024-01-08T13:00:00Z'),
('redeem_016', 'disc_007', 'user_008', NULL, 'coupon_code', 7.50, '2024-01-09T19:00:00Z'),
('redeem_017', 'disc_011', 'user_010', NULL, 'coupon_code', 2.80, '2024-01-07T12:00:00Z'),
('redeem_018', 'disc_001', 'user_007', NULL, 'coupon_code', 6.20, '2024-01-06T18:00:00Z'),
('redeem_019', 'disc_002', 'user_009', NULL, 'coupon_code', 5.00, '2024-01-04T19:00:00Z'),
('redeem_020', 'disc_005', 'user_011', NULL, 'coupon_code', 3.20, '2024-01-10T18:00:00Z'),
('redeem_021', 'disc_007', 'user_012', NULL, 'coupon_code', 8.00, '2024-01-02T19:00:00Z'),
('redeem_022', 'disc_011', 'user_013', NULL, 'coupon_code', 2.50, '2024-01-06T12:00:00Z'),
('redeem_023', 'disc_001', 'user_014', NULL, 'coupon_code', 5.80, '2024-01-05T18:00:00Z'),
('redeem_024', 'disc_002', 'user_015', NULL, 'coupon_code', 4.50, '2024-01-03T19:00:00Z'),
('redeem_025', 'disc_005', 'user_001', NULL, 'coupon_code', 3.80, '2024-01-09T13:00:00Z'),
('redeem_026', 'disc_007', 'user_002', NULL, 'coupon_code', 7.80, '2023-12-26T19:00:00Z'),
('redeem_027', 'disc_011', 'user_003', NULL, 'coupon_code', 2.70, '2024-01-08T12:00:00Z'),
('redeem_028', 'disc_001', 'user_004', NULL, 'coupon_code', 6.40, '2024-01-04T18:00:00Z'),
('redeem_029', 'disc_002', 'user_006', NULL, 'coupon_code', 4.70, '2024-01-02T19:00:00Z'),
('redeem_030', 'disc_005', 'user_007', NULL, 'coupon_code', 3.60, '2024-01-07T13:00:00Z'),
('redeem_031', 'disc_011', 'user_008', NULL, 'coupon_code', 2.90, '2024-01-05T12:00:00Z'),
('redeem_032', 'disc_007', 'user_009', NULL, 'coupon_code', 7.20, '2023-12-28T19:00:00Z'),
('redeem_033', 'disc_001', 'user_010', NULL, 'coupon_code', 5.70, '2024-01-03T18:00:00Z'),
('redeem_034', 'disc_005', 'user_012', NULL, 'coupon_code', 3.40, '2024-01-06T13:00:00Z'),
('redeem_035', 'disc_011', 'user_014', NULL, 'coupon_code', 2.60, '2024-01-04T12:00:00Z'),
('redeem_036', 'disc_002', 'user_001', NULL, 'coupon_code', 5.20, '2023-12-30T19:00:00Z'),
('redeem_037', 'disc_007', 'user_003', NULL, 'coupon_code', 8.10, '2023-12-19T19:00:00Z'),
('redeem_038', 'disc_005', 'user_005', NULL, 'coupon_code', 3.70, '2024-01-02T13:00:00Z'),
('redeem_039', 'disc_011', 'user_006', NULL, 'coupon_code', 2.40, '2024-01-01T12:00:00Z'),
('redeem_040', 'disc_001', 'user_008', NULL, 'coupon_code', 6.10, '2023-12-29T18:00:00Z'),
('redeem_041', 'disc_002', 'user_010', NULL, 'coupon_code', 4.90, '2023-12-27T19:00:00Z'),
('redeem_042', 'disc_005', 'user_011', NULL, 'coupon_code', 3.30, '2023-12-31T13:00:00Z'),
('redeem_043', 'disc_007', 'user_013', NULL, 'coupon_code', 7.60, '2023-12-12T19:00:00Z'),
('redeem_044', 'disc_011', 'user_015', NULL, 'coupon_code', 2.80, '2023-12-28T12:00:00Z'),
('redeem_045', 'disc_001', 'user_002', NULL, 'coupon_code', 5.90, '2023-12-22T18:00:00Z'),
('redeem_046', 'disc_005', 'user_003', NULL, 'coupon_code', 3.90, '2023-12-26T13:00:00Z'),
('redeem_047', 'disc_002', 'user_007', NULL, 'coupon_code', 4.60, '2023-12-20T19:00:00Z'),
('redeem_048', 'disc_007', 'user_014', NULL, 'coupon_code', 7.90, '2023-12-05T19:00:00Z'),
('redeem_049', 'disc_011', 'user_009', NULL, 'coupon_code', 2.50, '2023-12-24T12:00:00Z'),
('redeem_050', 'disc_001', 'user_011', NULL, 'coupon_code', 6.30, '2023-12-18T18:00:00Z'),
('redeem_051', 'disc_005', 'user_013', NULL, 'coupon_code', 3.50, '2023-12-21T13:00:00Z'),
('redeem_052', 'disc_002', 'user_012', NULL, 'coupon_code', 5.10, '2023-12-15T19:00:00Z'),
('redeem_053', 'disc_007', 'user_015', NULL, 'coupon_code', 8.20, '2023-11-28T19:00:00Z'),
('redeem_054', 'disc_011', 'user_001', NULL, 'coupon_code', 2.70, '2023-12-20T12:00:00Z'),
('redeem_055', 'disc_001', 'user_005', NULL, 'coupon_code', 5.60, '2023-12-14T18:00:00Z'),
('redeem_056', 'disc_005', 'user_008', NULL, 'coupon_code', 3.60, '2023-12-17T13:00:00Z'),
('redeem_057', 'disc_002', 'user_014', NULL, 'coupon_code', 4.80, '2023-12-10T19:00:00Z'),
('redeem_058', 'disc_007', 'user_001', NULL, 'coupon_code', 7.70, '2023-11-21T19:00:00Z'),
('redeem_059', 'disc_011', 'user_007', NULL, 'coupon_code', 2.60, '2023-12-16T12:00:00Z'),
('redeem_060', 'disc_001', 'user_009', NULL, 'coupon_code', 6.00, '2023-12-10T18:00:00Z'),
('redeem_061', 'disc_005', 'user_010', NULL, 'coupon_code', 3.70, '2023-12-13T13:00:00Z'),
('redeem_062', 'disc_002', 'user_008', NULL, 'coupon_code', 5.00, '2023-12-05T19:00:00Z'),
('redeem_063', 'disc_007', 'user_006', NULL, 'coupon_code', 8.00, '2023-11-14T19:00:00Z'),
('redeem_064', 'disc_011', 'user_012', NULL, 'coupon_code', 2.80, '2023-12-12T12:00:00Z'),
('redeem_065', 'disc_001', 'user_013', NULL, 'coupon_code', 5.80, '2023-12-06T18:00:00Z'),
('redeem_066', 'disc_005', 'user_015', NULL, 'coupon_code', 3.80, '2023-12-09T13:00:00Z'),
('redeem_067', 'disc_002', 'user_011', NULL, 'coupon_code', 4.70, '2023-11-30T19:00:00Z'),
('redeem_068', 'disc_007', 'user_010', NULL, 'coupon_code', 7.50, '2023-11-07T19:00:00Z'),
('redeem_069', 'disc_011', 'user_002', NULL, 'coupon_code', 2.90, '2023-12-08T12:00:00Z'),
('redeem_070', 'disc_001', 'user_015', NULL, 'coupon_code', 6.20, '2023-12-02T18:00:00Z'),
('redeem_071', 'disc_005', 'user_014', NULL, 'coupon_code', 3.30, '2023-12-05T13:00:00Z'),
('redeem_072', 'disc_002', 'user_013', NULL, 'coupon_code', 4.90, '2023-11-25T19:00:00Z'),
('redeem_073', 'disc_007', 'user_004', NULL, 'coupon_code', 7.80, '2023-10-31T19:00:00Z'),
('redeem_074', 'disc_011', 'user_005', NULL, 'coupon_code', 2.70, '2023-12-04T12:00:00Z'),
('redeem_075', 'disc_001', 'user_012', NULL, 'coupon_code', 6.10, '2023-11-28T18:00:00Z'),
('redeem_076', 'disc_005', 'user_009', NULL, 'coupon_code', 3.90, '2023-12-01T13:00:00Z'),
('redeem_077', 'disc_002', 'user_003', NULL, 'coupon_code', 5.10, '2023-11-20T19:00:00Z'),
('redeem_078', 'disc_007', 'user_007', NULL, 'coupon_code', 7.40, '2023-10-24T19:00:00Z'),
('redeem_079', 'disc_011', 'user_011', NULL, 'coupon_code', 2.50, '2023-11-30T12:00:00Z'),
('redeem_080', 'disc_001', 'user_006', NULL, 'coupon_code', 5.70, '2023-11-24T18:00:00Z');

-- Insert Badges (10 badges)
INSERT INTO badges (badge_id, badge_name, badge_description, badge_icon_url, criteria_type, criteria_value, created_at) VALUES
('badge_001', 'First Review', 'Wrote your first review', 'https://picsum.photos/seed/badge001/100/100', 'reviews_written', 1, '2023-01-01T00:00:00Z'),
('badge_002', 'Review Pro', 'Wrote 10 reviews', 'https://picsum.photos/seed/badge002/100/100', 'reviews_written', 10, '2023-01-01T00:00:00Z'),
('badge_003', 'Food Critic', 'Wrote 50 reviews', 'https://picsum.photos/seed/badge003/100/100', 'reviews_written', 50, '2023-01-01T00:00:00Z'),
('badge_004', 'Explorer', 'Tried 5 different restaurants', 'https://picsum.photos/seed/badge004/100/100', 'restaurants_visited', 5, '2023-01-01T00:00:00Z'),
('badge_005', 'Foodie', 'Tried 20 different restaurants', 'https://picsum.photos/seed/badge005/100/100', 'restaurants_visited', 20, '2023-01-01T00:00:00Z'),
('badge_006', 'Regular', 'Placed 10 orders', 'https://picsum.photos/seed/badge006/100/100', 'orders_placed', 10, '2023-01-01T00:00:00Z'),
('badge_007', 'VIP Diner', 'Placed 50 orders', 'https://picsum.photos/seed/badge007/100/100', 'orders_placed', 50, '2023-01-01T00:00:00Z'),
('badge_008', 'Deal Hunter', 'Redeemed 5 discounts', 'https://picsum.photos/seed/badge008/100/100', 'discounts_redeemed', 5, '2023-01-01T00:00:00Z'),
('badge_009', 'Adventurous Eater', 'Tried 10 different cuisines', 'https://picsum.photos/seed/badge009/100/100', 'unique_cuisines', 10, '2023-01-01T00:00:00Z'),
('badge_010', 'Local Hero', 'Supported 30 local restaurants', 'https://picsum.photos/seed/badge010/100/100', 'restaurants_visited', 30, '2023-01-01T00:00:00Z');

-- Insert User Badges (35 user badges)
INSERT INTO user_badges (user_badge_id, user_id, badge_id, is_showcased, showcase_order, earned_at) VALUES
('ubadge_001', 'user_001', 'badge_001', true, 1, '2024-01-06T10:00:00Z'),
('ubadge_002', 'user_001', 'badge_004', true, 2, '2024-01-11T20:00:00Z'),
('ubadge_003', 'user_001', 'badge_006', false, NULL, '2024-01-12T09:00:00Z'),
('ubadge_004', 'user_002', 'badge_001', true, 1, '2024-01-07T11:00:00Z'),
('ubadge_005', 'user_002', 'badge_004', false, NULL, '2024-01-10T10:00:00Z'),
('ubadge_006', 'user_002', 'badge_006', false, NULL, '2024-01-11T09:00:00Z'),
('ubadge_007', 'user_003', 'badge_001', true, 1, '2024-01-07T15:00:00Z'),
('ubadge_008', 'user_003', 'badge_004', true, 2, '2024-01-11T20:00:00Z'),
('ubadge_009', 'user_004', 'badge_001', false, NULL, '2024-01-08T10:00:00Z'),
('ubadge_010', 'user_004', 'badge_004', false, NULL, '2024-01-10T09:00:00Z'),
('ubadge_011', 'user_005', 'badge_001', true, 1, '2024-01-10T09:00:00Z'),
('ubadge_012', 'user_005', 'badge_004', true, 2, '2024-01-11T10:00:00Z'),
('ubadge_013', 'user_006', 'badge_001', false, NULL, '2024-01-08T16:00:00Z'),
('ubadge_014', 'user_006', 'badge_004', false, NULL, '2024-01-11T21:00:00Z'),
('ubadge_015', 'user_007', 'badge_001', true, 1, '2024-01-11T10:00:00Z'),
('ubadge_016', 'user_007', 'badge_004', true, 2, '2024-01-11T21:00:00Z'),
('ubadge_017', 'user_008', 'badge_001', false, NULL, '2024-01-09T09:00:00Z'),
('ubadge_018', 'user_008', 'badge_004', false, NULL, '2024-01-10T10:00:00Z'),
('ubadge_019', 'user_009', 'badge_001', true, 1, '2024-01-09T14:00:00Z'),
('ubadge_020', 'user_009', 'badge_004', true, 2, '2024-01-10T20:00:00Z'),
('ubadge_021', 'user_009', 'badge_006', false, NULL, '2024-01-11T09:00:00Z'),
('ubadge_022', 'user_010', 'badge_001', false, NULL, '2024-01-10T20:00:00Z'),
('ubadge_023', 'user_010', 'badge_004', false, NULL, '2024-01-11T11:00:00Z'),
('ubadge_024', 'user_011', 'badge_001', true, 1, '2024-01-11T11:00:00Z'),
('ubadge_025', 'user_011', 'badge_004', false, NULL, '2024-01-11T12:00:00Z'),
('ubadge_026', 'user_012', 'badge_001', true, 1, '2024-01-10T09:00:00Z'),
('ubadge_027', 'user_012', 'badge_004', true, 2, '2024-01-11T10:00:00Z'),
('ubadge_028', 'user_013', 'badge_001', false, NULL, '2024-01-09T10:00:00Z'),
('ubadge_029', 'user_013', 'badge_004', false, NULL, '2024-01-10T09:00:00Z'),
('ubadge_030', 'user_014', 'badge_001', true, 1, '2024-01-10T20:00:00Z'),
('ubadge_031', 'user_014', 'badge_004', false, NULL, '2024-01-11T09:00:00Z'),
('ubadge_032', 'user_015', 'badge_001', false, NULL, '2024-01-11T21:00:00Z'),
('ubadge_033', 'user_015', 'badge_004', false, NULL, '2024-01-12T09:00:00Z'),
('ubadge_034', 'user_001', 'badge_008', true, 3, '2024-01-11T20:00:00Z'),
('ubadge_035', 'user_002', 'badge_008', false, NULL, '2024-01-10T10:00:00Z');

-- Insert Verifications (25 verifications)
INSERT INTO verifications (verification_id, user_id, restaurant_id, verification_method, order_id, verified_at) VALUES
('verify_001', 'user_001', 'rest_001', 'order', 'order_001', '2024-01-05T19:28:00Z'),
('verify_002', 'user_002', 'rest_003', 'order', 'order_002', '2024-01-06T19:58:00Z'),
('verify_003', 'user_003', 'rest_005', 'order', 'order_003', '2024-01-07T12:30:00Z'),
('verify_004', 'user_004', 'rest_002', 'order', 'order_004', '2024-01-07T19:42:00Z'),
('verify_005', 'user_005', 'rest_007', 'order', 'order_005', '2024-01-09T18:28:00Z'),
('verify_006', 'user_006', 'rest_004', 'order', 'order_006', '2024-01-08T14:15:00Z'),
('verify_007', 'user_007', 'rest_010', 'order', 'order_007', '2024-01-10T21:58:00Z'),
('verify_008', 'user_008', 'rest_006', 'order', 'order_008', '2024-01-08T20:13:00Z'),
('verify_009', 'user_009', 'rest_011', 'order', 'order_009', '2024-01-09T12:58:00Z'),
('verify_010', 'user_010', 'rest_016', 'order', 'order_010', '2024-01-10T19:00:00Z'),
('verify_011', 'user_011', 'rest_019', 'order', 'order_011', '2024-01-11T09:28:00Z'),
('verify_012', 'user_012', 'rest_012', 'order', 'order_012', '2024-01-09T20:30:00Z'),
('verify_013', 'user_013', 'rest_014', 'order', 'order_013', '2024-01-08T18:58:00Z'),
('verify_014', 'user_014', 'rest_015', 'order', 'order_014', '2024-01-10T18:28:00Z'),
('verify_015', 'user_015', 'rest_018', 'order', 'order_015', '2024-01-11T19:28:00Z'),
('verify_016', 'user_002', 'rest_015', 'order', 'order_032', '2024-01-05T18:00:00Z'),
('verify_017', 'user_003', 'rest_013', 'order', 'order_033', '2024-01-03T13:28:00Z'),
('verify_018', 'user_004', 'rest_011', 'order', 'order_034', '2024-01-02T19:28:00Z'),
('verify_019', 'user_005', 'rest_001', 'order', 'order_035', '2024-01-01T19:58:00Z'),
('verify_020', 'user_006', 'rest_020', 'order', 'order_036', '2023-12-30T18:58:00Z'),
('verify_021', 'user_007', 'rest_009', 'order', 'order_037', '2023-12-28T19:30:00Z'),
('verify_022', 'user_008', 'rest_019', 'order', 'order_038', '2023-12-27T09:58:00Z'),
('verify_023', 'user_009', 'rest_003', 'order', 'order_039', '2023-12-26T20:28:00Z'),
('verify_024', 'user_010', 'rest_018', 'order', 'order_040', '2023-12-25T18:58:00Z'),
('verify_025', 'user_011', 'rest_016', 'order', 'order_041', '2023-12-24T19:00:00Z');

-- Insert Notifications (40 notifications)
INSERT INTO notifications (notification_id, user_id, notification_type, message, action_url, is_read, created_at, read_at) VALUES
('notif_001', 'user_001', 'order_update', 'Your order from Bella Italia Trattoria is out for delivery!', '/orders/order_001', true, '2024-01-05T19:18:00Z', '2024-01-05T19:20:00Z'),
('notif_002', 'user_001', 'order_update', 'Your order from Bella Italia Trattoria has been delivered!', '/orders/order_001', true, '2024-01-05T19:28:00Z', '2024-01-05T19:30:00Z'),
('notif_003', 'user_002', 'order_update', 'Your order from Tokyo Sushi Bar is being prepared', '/orders/order_002', true, '2024-01-06T19:25:00Z', '2024-01-06T19:27:00Z'),
('notif_004', 'user_002', 'promotion', 'New Week! Check out this week''s Local Picks!', '/local-picks', true, '2024-01-08T08:00:00Z', '2024-01-08T09:15:00Z'),
('notif_005', 'user_003', 'order_update', 'Your order from The Burger Joint is ready for pickup!', '/orders/order_003', true, '2024-01-07T12:25:00Z', '2024-01-07T12:27:00Z'),
('notif_006', 'user_004', 'discount', 'Use code SPICE15 for 15% off at Spice Route Indian Kitchen', '/restaurants/rest_002', false, '2024-01-07T10:00:00Z', NULL),
('notif_007', 'user_005', 'order_update', 'Your order from La Plaza Mexicana is out for delivery!', '/orders/order_005', true, '2024-01-09T18:18:00Z', '2024-01-09T18:20:00Z'),
('notif_008', 'user_006', 'badge_earned', 'Congratulations! You earned the "Explorer" badge!', '/profile/badges', true, '2024-01-11T21:00:00Z', '2024-01-11T21:05:00Z'),
('notif_009', 'user_007', 'review_response', 'Paris Bistro responded to your review', '/reviews/review_007', false, '2024-01-11T15:00:00Z', NULL),
('notif_010', 'user_008', 'order_update', 'Your order from Dragon Wok Chinese Cuisine has been delivered!', '/orders/order_008', true, '2024-01-08T20:13:00Z', '2024-01-08T20:15:00Z'),
('notif_011', 'user_009', 'promotion', 'Pad Thai lovers! 10% off at Thai Basil Express', '/restaurants/rest_011', true, '2024-01-09T10:00:00Z', '2024-01-09T11:30:00Z'),
('notif_012', 'user_010', 'order_update', 'Your order from Ramen House is ready for pickup!', '/orders/order_010', true, '2024-01-10T18:55:00Z', '2024-01-10T18:57:00Z'),
('notif_013', 'user_011', 'new_restaurant', 'New breakfast spot alert! Check out The Breakfast Club', '/restaurants/rest_019', false, '2024-01-10T08:00:00Z', NULL),
('notif_014', 'user_012', 'order_update', 'Your order from Steakhouse 1889 is ready for pickup!', '/orders/order_012', true, '2024-01-09T20:25:00Z', '2024-01-09T20:27:00Z'),
('notif_015', 'user_013', 'promotion', 'It''s Monday! 20% off vegetarian platters at Little Ethiopia', '/restaurants/rest_014', true, '2024-01-08T08:00:00Z', '2024-01-08T10:00:00Z'),
('notif_016', 'user_014', 'order_update', 'Your order from BBQ Heaven is out for delivery!', '/orders/order_014', true, '2024-01-10T18:23:00Z', '2024-01-10T18:25:00Z'),
('notif_017', 'user_015', 'badge_earned', 'You earned the "First Review" badge!', '/profile/badges', true, '2024-01-11T21:00:00Z', '2024-01-11T21:10:00Z'),
('notif_018', 'user_001', 'promotion', 'Taco Tuesday! 20% off at La Plaza Mexicana', '/restaurants/rest_007', true, '2024-01-09T08:00:00Z', '2024-01-09T12:00:00Z'),
('notif_019', 'user_002', 'order_update', 'Your order from Poke Paradise is ready!', '/orders/order_017', false, '2024-01-11T19:50:00Z', NULL),
('notif_020', 'user_003', 'order_update', 'Your order from Seoul Kitchen is being prepared', '/orders/order_018', false, '2024-01-11T19:45:00Z', NULL),
('notif_021', 'user_004', 'weekly_picks', 'This week''s Local Picks are here! Featuring Paris Bistro', '/local-picks', true, '2024-01-08T08:00:00Z', '2024-01-08T10:00:00Z'),
('notif_022', 'user_005', 'order_update', 'Your order from Mediterranean Breeze is being prepared', '/orders/order_020', false, '2024-01-11T20:00:00Z', NULL),
('notif_023', 'user_006', 'discount', '20% off pasta dishes at Bella Italia! Use code PASTA20', '/restaurants/rest_001', false, '2024-01-11T10:00:00Z', NULL),
('notif_024', 'user_007', 'order_update', 'Your order from The Burger Joint has been received', '/orders/order_022', false, '2024-01-11T20:15:00Z', NULL),
('notif_025', 'user_008', 'badge_earned', 'Congratulations! You earned the "Regular" badge!', '/profile/badges', true, '2024-01-10T13:30:00Z', '2024-01-10T14:00:00Z'),
('notif_026', 'user_009', 'order_update', 'Your order from Ramen House has been delivered!', '/orders/order_024', true, '2024-01-09T19:28:00Z', '2024-01-09T19:30:00Z'),
('notif_027', 'user_010', 'review_response', 'Ramen House appreciated your review!', '/reviews/review_010', false, '2024-01-11T10:00:00Z', NULL),
('notif_028', 'user_011', 'promotion', 'Weekend brunch special! 10% off at The Breakfast Club', '/restaurants/rest_019', true, '2024-01-06T08:00:00Z', '2024-01-06T09:00:00Z'),
('notif_029', 'user_012', 'order_update', 'Your order from Pizza Napoli has been delivered!', '/orders/order_027', true, '2024-01-08T19:28:00Z', '2024-01-08T19:30:00Z'),
('notif_030', 'user_013', 'new_restaurant', 'New Ethiopian restaurant! Try Little Ethiopia today', '/restaurants/rest_014', true, '2023-04-16T08:00:00Z', '2023-04-16T10:00:00Z'),
('notif_031', 'user_014', 'order_update', 'Your order from The Breakfast Club has been picked up!', '/orders/order_029', true, '2024-01-08T09:30:00Z', '2024-01-08T09:35:00Z'),
('notif_032', 'user_015', 'promotion', 'New customer special! 25% off first order at participating restaurants', '/restaurants', true, '2024-01-05T08:00:00Z', '2024-01-05T10:00:00Z'),
('notif_033', 'user_001', 'order_update', 'Your order from Seafood Shack is out for delivery!', '/orders/order_016', false, '2024-01-11T19:48:00Z', NULL),
('notif_034', 'user_002', 'weekly_picks', 'Don''t miss this week''s Local Pick: Tokyo Sushi Bar!', '/local-picks', true, '2024-01-08T08:00:00Z', '2024-01-08T11:00:00Z'),
('notif_035', 'user_005', 'discount', '$10 off orders over $50 at Tokyo Sushi Bar! Code: SUSHI10', '/restaurants/rest_003', true, '2024-01-01T08:00:00Z', '2024-01-01T12:00:00Z'),
('notif_036', 'user_007', 'badge_earned', 'You earned the "Foodie" badge for trying 20 restaurants!', '/profile/badges', true, '2024-01-11T21:00:00Z', '2024-01-11T21:15:00Z'),
('notif_037', 'user_009', 'promotion', 'Late night special! 30% off at Paris Bistro after 9PM', '/restaurants/rest_010', true, '2024-01-10T18:00:00Z', '2024-01-10T19:00:00Z'),
('notif_038', 'user_012', 'weekly_picks', 'This week''s featured restaurant: Farm to Table Kitchen', '/local-picks', true, '2024-01-08T08:00:00Z', '2024-01-08T12:00:00Z'),
('notif_039', 'user_013', 'order_update', 'Your order from Mediterranean Breeze has been delivered!', '/orders/order_043', true, '2023-12-22T18:58:00Z', '2023-12-22T19:00:00Z'),
('notif_040', 'user_015', 'review_response', 'Spice Route Indian Kitchen thanked you for your review!', '/reviews/review_040', false, '2024-01-08T10:00:00Z', NULL);

-- Insert Search History (30 searches)
INSERT INTO search_history (search_id, user_id, search_query, search_type, created_at) VALUES
('search_001', 'user_001', 'italian', 'cuisine', '2024-01-05T18:30:00Z'),
('search_002', 'user_001', 'pizza near me', 'general', '2024-01-05T18:35:00Z'),
('search_003', 'user_002', 'sushi', 'cuisine', '2024-01-06T19:00:00Z'),
('search_004', 'user_003', 'burgers', 'general', '2024-01-07T11:50:00Z'),
('search_005', 'user_004', 'indian food', 'cuisine', '2024-01-07T18:45:00Z'),
('search_006', 'user_005', 'tacos', 'general', '2024-01-09T17:30:00Z'),
('search_007', 'user_005', 'mexican', 'cuisine', '2024-01-09T17:32:00Z'),
('search_008', 'user_006', 'vegan', 'dietary', '2024-01-08T13:40:00Z'),
('search_009', 'user_006', 'healthy', 'general', '2024-01-08T13:42:00Z'),
('search_010', 'user_007', 'french restaurant', 'cuisine', '2024-01-10T21:00:00Z'),
('search_011', 'user_007', 'fine dining', 'general', '2024-01-10T21:02:00Z'),
('search_012', 'user_008', 'chinese', 'cuisine', '2024-01-08T19:20:00Z'),
('search_013', 'user_009', 'thai food', 'cuisine', '2024-01-09T12:10:00Z'),
('search_014', 'user_009', 'pad thai', 'dish', '2024-01-09T12:12:00Z'),
('search_015', 'user_010', 'ramen', 'dish', '2024-01-10T18:25:00Z'),
('search_016', 'user_010', 'japanese', 'cuisine', '2024-01-10T18:27:00Z'),
('search_017', 'user_011', 'breakfast', 'general', '2024-01-11T08:30:00Z'),
('search_018', 'user_011', 'pancakes', 'dish', '2024-01-11T08:32:00Z'),
('search_019', 'user_012', 'steakhouse', 'general', '2024-01-09T19:30:00Z'),
('search_020', 'user_012', 'steak', 'dish', '2024-01-09T19:32:00Z'),
('search_021', 'user_013', 'ethiopian', 'cuisine', '2024-01-08T18:00:00Z'),
('search_022', 'user_014', 'bbq', 'general', '2024-01-10T17:30:00Z'),
('search_023', 'user_014', 'ribs', 'dish', '2024-01-10T17:32:00Z'),
('search_024', 'user_015', 'pizza delivery', 'general', '2024-01-11T18:35:00Z'),
('search_025', 'user_001', 'seafood', 'cuisine', '2024-01-11T19:00:00Z'),
('search_026', 'user_002', 'poke bowl', 'dish', '2024-01-11T19:20:00Z'),
('search_027', 'user_003', 'korean bbq', 'cuisine', '2024-01-11T19:30:00Z'),
('search_028', 'user_005', 'mediterranean', 'cuisine', '2024-01-11T19:45:00Z'),
('search_029', 'user_009', 'spicy ramen', 'dish', '2024-01-09T18:35:00Z'),
('search_030', 'user_012', 'farm to table', 'general', '2023-12-20T19:30:00Z');

-- Insert User Statistics (15 users)
INSERT INTO user_statistics (stat_id, user_id, total_reviews_written, total_restaurants_visited, total_favorites_saved, total_orders_placed, total_badges_earned, total_discounts_redeemed, unique_cuisines_tried, updated_at) VALUES
('stat_001', 'user_001', 3, 5, 3, 6, 4, 5, '["Italian", "Sushi", "Chinese", "Seafood", "Steakhouse"]', '2024-01-12T10:00:00Z'),
('stat_002', 'user_002', 3, 5, 3, 6, 3, 8, '["Indian", "Sushi", "BBQ", "Poke"]', '2024-01-11T10:00:00Z'),
('stat_003', 'user_003', 3, 5, 3, 5, 2, 2, '["Burgers", "Korean", "Poke", "Mexican", "Sushi"]', '2024-01-11T20:00:00Z'),
('stat_004', 'user_004', 2, 3, 2, 4, 2, 3, '["Indian", "Thai"]', '2024-01-10T10:00:00Z'),
('stat_005', 'user_005', 3, 4, 3, 5, 2, 4, '["Mexican", "Italian", "French", "Mediterranean"]', '2024-01-11T10:00:00Z'),
('stat_006', 'user_006', 2, 4, 2, 4, 2, 2, '["Vegan", "Italian", "Seafood"]', '2024-01-11T21:00:00Z'),
('stat_007', 'user_007', 2, 4, 2, 4, 2, 3, '["French", "Burgers", "Korean", "Mexican"]', '2024-01-11T21:00:00Z'),
('stat_008', 'user_008', 2, 4, 2, 4, 2, 2, '["Chinese", "Breakfast"]', '2024-01-10T13:30:00Z'),
('stat_009', 'user_009', 4, 5, 3, 5, 3, 3, '["Thai", "Ramen", "Sushi", "Indian"]', '2024-01-11T09:00:00Z'),
('stat_010', 'user_010', 2, 4, 2, 4, 2, 2, '["Ramen", "Pizza", "Mexican"]', '2024-01-11T11:00:00Z'),
('stat_011', 'user_011', 2, 3, 2, 3, 2, 1, '["Breakfast", "Vegan", "Ramen"]', '2024-01-11T12:00:00Z'),
('stat_012', 'user_012', 3, 4, 2, 5, 2, 2, '["Steakhouse", "Ethiopian", "Pizza"]', '2024-01-11T10:00:00Z'),
('stat_013', 'user_013', 3, 4, 1, 4, 2, 3, '["Ethiopian", "Mediterranean", "Sushi"]', '2024-01-10T09:00:00Z'),
('stat_014', 'user_014', 2, 3, 1, 4, 2, 2, '["BBQ", "Burgers", "Breakfast"]', '2024-01-11T09:00:00Z'),
('stat_015', 'user_015', 2, 3, 1, 4, 2, 1, '["Pizza", "Indian", "Farm to Table"]', '2024-01-12T09:00:00Z');

-- Insert Password Reset Tokens (3 tokens - some expired, some used)
INSERT INTO password_reset_tokens (token_id, user_id, reset_token, expires_at, is_used, created_at) VALUES
('token_001', 'user_006', 'reset_abc123def456', '2024-01-11T10:00:00Z', false, '2024-01-11T09:00:00Z'),
('token_002', 'user_011', 'reset_xyz789ghi012', '2024-01-05T12:00:00Z', true, '2024-01-05T11:00:00Z'),
('token_003', 'user_003', 'reset_jkl345mno678', '2024-01-02T15:00:00Z', false, '2024-01-02T14:00:00Z');

-- Insert Dismissed Recommendations (10 dismissals)
INSERT INTO dismissed_recommendations (dismissal_id, user_id, restaurant_id, dismissed_until, created_at) VALUES
('dismiss_001', 'user_001', 'rest_006', '2024-02-01T00:00:00Z', '2024-01-01T10:00:00Z'),
('dismiss_002', 'user_002', 'rest_010', '2024-02-15T00:00:00Z', '2024-01-15T12:00:00Z'),
('dismiss_003', 'user_003', 'rest_004', '2024-02-10T00:00:00Z', '2024-01-10T14:00:00Z'),
('dismiss_004', 'user_005', 'rest_012', '2024-03-01T00:00:00Z', '2024-01-01T16:00:00Z'),
('dismiss_005', 'user_007', 'rest_015', '2024-01-20T00:00:00Z', '2023-12-20T10:00:00Z'),
('dismiss_006', 'user_008', 'rest_011', '2024-02-05T00:00:00Z', '2024-01-05T11:00:00Z'),
('dismiss_007', 'user_010', 'rest_008', '2024-02-12T00:00:00Z', '2024-01-12T13:00:00Z'),
('dismiss_008', 'user_012', 'rest_019', '2024-01-25T00:00:00Z', '2023-12-25T15:00:00Z'),
('dismiss_009', 'user_014', 'rest_002', '2024-02-08T00:00:00Z', '2024-01-08T09:00:00Z'),
('dismiss_010', 'user_015', 'rest_013', '2024-02-20T00:00:00Z', '2024-01-20T10:00:00Z');

-- Insert Weekly Local Picks (6 weekly picks)
INSERT INTO weekly_local_picks (pick_id, restaurant_id, week_start_date, week_end_date, featured_description, display_order, selection_criteria, created_at) VALUES
('pick_001', 'rest_001', '2024-01-08T00:00:00Z', '2024-01-14T23:59:59Z', 'Award-winning pasta dishes crafted by Chef Giovanni', 0, 'High ratings and customer favorites', '2024-01-07T10:00:00Z'),
('pick_002', 'rest_003', '2024-01-08T00:00:00Z', '2024-01-14T23:59:59Z', 'Master sushi chef with 20 years of experience', 1, 'Premium quality and unique experience', '2024-01-07T10:00:00Z'),
('pick_003', 'rest_007', '2024-01-08T00:00:00Z', '2024-01-14T23:59:59Z', 'Authentic Oaxacan mole and fresh tortillas made daily', 2, 'Authentic cuisine and popularity', '2024-01-07T10:00:00Z'),
('pick_004', 'rest_010', '2024-01-08T00:00:00Z', '2024-01-14T23:59:59Z', 'Classic French techniques with local ingredients', 3, 'Fine dining excellence', '2024-01-07T10:00:00Z'),
('pick_005', 'rest_014', '2024-01-08T00:00:00Z', '2024-01-14T23:59:59Z', 'Authentic recipes from Addis Ababa', 4, 'Unique cuisine introduction', '2024-01-07T10:00:00Z'),
('pick_006', 'rest_017', '2024-01-08T00:00:00Z', '2024-01-14T23:59:59Z', 'Chef''s tasting menu featuring produce from within 50 miles', 5, 'Seasonal and sustainable', '2024-01-07T10:00:00Z'),
('pick_007', 'rest_020', '2024-01-08T00:00:00Z', '2024-01-14T23:59:59Z', 'Fresh oysters and sustainable seafood from Pacific Northwest', 6, 'Local sourcing and freshness', '2024-01-07T10:00:00Z');